# desk-break exercises (no-equipment subset of hasaneyldrm/exercises-dataset, MIT).
# Columns: group<TAB>name<TAB>gif<TAB>image<TAB>steps(joined by U+00B6).
# Media (gif/image) is referenced by URL at display time; © Gym visual — https://gymvisual.com/
core	3/4 sit-up	videos/0001-2gPfomN.gif	images/0001-2gPfomN.jpg	平躺，膝盖弯曲，双脚平放在地上。¶将双手放在脑后，肘部朝外。¶收紧腹肌，慢慢将上半身抬离地面，向前卷曲，直到躯干呈 45 度角。¶在顶部停顿片刻，然后慢慢将上半身放回起始位置。¶重复所需的重复次数。
core	45° side bend	videos/0002-Hy9D21L.gif	images/0002-Hy9D21L.jpg	双脚分开与肩同宽站立，双臂在身体两侧笔直向下伸展。¶保持背部挺直，核心肌群参与，慢慢将躯干向一侧弯曲，将手向膝盖方向放低。¶在底部停顿片刻，然后慢慢回到起始位置。¶在另一侧重复。¶继续交替进行所需的重复次数。
core	air bike	videos/0003-1ZFqTDN.gif	images/0003-1ZFqTDN.jpg	平躺，双手放在脑后。¶将双腿抬离地面，并以 90 度角弯曲膝盖。¶将右肘靠近左膝盖，同时伸直右腿。¶返回起始位置，在另一侧重复该动作，将左肘拉向右膝盖，同时伸直左腿。¶继续交替进行蹬踏动作，达到所需的重复次数。
legs	all fours squad stretch	videos/1512-qBcKorM.gif	images/1512-qBcKorM.jpg	从四肢着地开始，双手直接放在肩膀下方，膝盖直接放在臀部下方。¶将一条腿向后伸直，保持膝盖弯曲和脚弯曲。¶慢慢地将臀部降低到地面，感觉股四头肌的伸展。¶保持这个姿势20-30秒。¶换腿并在另一侧重复拉伸。
core	alternate heel touchers	videos/0006-qaZVsGk.gif	images/0006-qaZVsGk.jpg	平躺，膝盖弯曲，双脚平放在地上。¶将双臂伸直至两侧，与地面平行。¶收紧腹肌，将肩膀抬离地面，并将右手伸向右脚跟。¶返回起始位置并在左侧重复，将左手伸向左脚跟。¶继续交替进行所需的重复次数。
legs	ankle circles	videos/1368-uL9CsKm.gif	images/1368-uL9CsKm.jpg	坐在地上，双腿在身前伸展。¶将一条腿抬离地面，并以圆周运动旋转脚踝。¶在一个方向上转所需的圈数，然后切换到另一个方向。¶换另一条腿重复上述步骤。
back	archer pull up	videos/3293-72BC5Za.gif	images/3293-72BC5Za.jpg	首先，用正手握法悬挂在引体向上杆上，握距略宽于肩宽。¶启动你的核心并将肩胛骨向下拉和向后拉。¶当你站起来时，弯曲一只手臂并将肘部移向身体一侧，同时保持另一只手臂伸直。¶继续拉，直到下巴位于杠铃上方并且弯曲的手臂完全弯曲。¶有控制地放低自己，伸直弯曲的手臂并在另一侧重复该动作。¶每次重复时交替进行。
chest	archer push up	videos/3294-A9qxk2F.gif	images/3294-A9qxk2F.jpg	从俯卧撑位置开始，双手分开略宽于肩宽。¶将一只手臂伸直至一侧，与地面平行。¶弯曲肘部降低身体，保持背部挺直，核心参与。¶推回到起始位置。¶在另一侧重复上述步骤，将另一只手臂伸出到一侧。¶继续交替进行所需的重复次数。
core	arm slingers hanging bent knee legs	videos/2355-uWpxD4v.gif	images/2355-uWpxD4v.jpg	悬挂在引体向上杆上，双臂完全伸展，膝盖弯曲成 90 度角。¶收紧核心并将膝盖抬向胸部，尽可能靠近肘部。¶慢慢地将双腿放回起始位置。¶重复所需的重复次数。
core	arm slingers hanging straight legs	videos/2333-PXTIwgu.gif	images/2333-PXTIwgu.jpg	悬挂在引体向上杆上，双臂完全伸展，双腿伸直向下。¶启动你的核心并将双腿抬起到你面前，直到它们与地面平行。¶在顶部保持片刻，然后慢慢将双腿放回起始位置。¶重复所需的重复次数。
legs	arms apart circular toe touch (male)	videos/3214-RtyAsy1.gif	images/3214-RtyAsy1.jpg	双脚分开与肩同宽站立，双臂向两侧伸展。¶保持双腿伸直，腰部向前弯曲，右手向下伸向脚趾。¶当你向下伸展时，同时将左腿在身后伸直，保持平衡。¶返回起始位置，重复该动作，左手伸向脚趾，右腿在身后抬起。¶继续交替进行所需的重复次数。
core	arms overhead full sit-up (male)	videos/3204-NAkmgdx.gif	images/3204-NAkmgdx.jpg	平躺，膝盖弯曲，双脚平放在地上。¶将手臂伸过头顶，保持伸直。¶收紧腹肌，慢慢将上半身抬离地面，向前卷曲直到躯干直立。¶在顶部停顿片刻，然后慢慢将上半身放回起始位置。¶重复所需的重复次数。
cardio	astride jumps (male)	videos/3220-f9lVSSI.gif	images/3220-f9lVSSI.jpg	双脚分开与肩同宽站立。¶弯曲膝盖并将身体降低至蹲姿。¶爆发性向上跳跃，伸展双腿和手臂。¶在空中时，将双腿分开，并将双臂向两侧伸出。¶双脚分开与肩同宽，轻轻落地，弯曲膝盖以吸收冲击力。¶重复所需的重复次数。
cardio	back and forth step	videos/3672-fNGumX0.gif	images/3672-fNGumX0.jpg	双脚分开与肩同宽站立。¶右脚向前迈出一步，弯曲膝盖，将身体降低到弓步位置。¶用右脚蹬地，然后回到起始位置。¶用左脚重复该动作，每一步交替双腿。¶继续来回走动，保持稳定的步伐。¶重复所需的持续时间或重复次数。
back	back lever	videos/3297-GaSzzuh.gif	images/3297-GaSzzuh.jpg	首先，用正手握法悬挂在引体向上杆上，双手分开的距离略大于肩宽。¶启动你的核心并将肩胛骨向下拉和向后拉。¶弯曲膝盖并将其向胸部靠拢。¶慢慢抬起双腿，保持伸直，直到身体与地面平行。¶保持这个姿势几秒钟，然后慢慢地将双腿放回起始位置。¶重复所需的重复次数。
back	back pec stretch	videos/1405-chfnQnM.gif	images/1405-chfnQnM.jpg	站直，双脚分开与肩同宽。¶将双臂伸直在身前，与地面平行。¶双臂交叉在身体前方，右臂放在左臂上方。¶手指交叉，手掌旋转远离身体。¶慢慢抬起手臂并远离身体，感觉背部和胸部有拉伸感。¶保持拉伸 15-30 秒，然后放松。¶在另一侧重复。
legs	backward jump	videos/1473-SaDOwk7.gif	images/1473-SaDOwk7.jpg	双脚分开与肩同宽站立。¶稍微弯曲膝盖，向后跳跃，用双脚蹬地。¶脚掌轻轻着地，弯曲膝盖以吸收冲击力。¶重复所需的重复次数。
legs	balance board	videos/0020-xAySMB0.gif	images/0020-xAySMB0.jpg	将平衡板放在平坦的表面上。¶用一只脚踩在平衡板上，确保其居中。¶慢慢地将体重转移到平衡板上的脚上，保持核心肌群参与。¶在保持该姿势所需的时间内保持平衡和稳定。¶用另一只脚重复该练习。
legs	basic toe touch (male)	videos/3212-BbfB8Gb.gif	images/3212-BbfB8Gb.jpg	双脚分开与肩同宽站立，双臂放在身体两侧。¶腰部向前弯曲，保持背部挺直，膝盖稍微弯曲。¶双手向下伸向脚趾，尽可能保持双腿伸直。¶在底部停顿片刻，然后慢慢回到起始位置。¶重复所需的重复次数。
cardio	bear crawl	videos/3360-0Yz8WdV.gif	images/3360-0Yz8WdV.jpg	从四肢着地开始，双手直接放在肩膀下方，膝盖直接放在臀部下方。¶将膝盖稍微抬离地面，保持背部平坦并收紧核心。¶同时向前移动右手和左脚，然后是左手和右脚。¶继续向前爬行，手脚交替动作。¶在整个练习过程中保持稳定的节奏并保持核心紧张。¶继续所需的距离或时间。
arms	bench dip (knees bent)	videos/0129-RrLske5.gif	images/0129-RrLske5.jpg	坐在长凳或椅子的边缘，双手抓住臀部旁边的边缘。¶将臀部从长凳上滑下来，在身前伸直双腿，脚后跟保持在地面上。¶弯曲肘部，将身体放低至地面，保持背部靠近长凳。¶在底部暂停片刻，然后将自己推回到起始位置。¶重复所需的重复次数。
arms	bench dip on floor	videos/1399-9RT8oQW.gif	images/1399-9RT8oQW.jpg	坐在长凳或椅子的边缘，双手抓住边缘，手指指向前方。¶将臀部滑离长凳，用手支撑体重。¶弯曲肘部降低身体，直到上臂与地板平行。¶伸直手臂，将自己推回起始位置。¶重复所需的重复次数。
legs	bench hip extension	videos/0130-u27Kcdz.gif	images/0130-u27Kcdz.jpg	坐在长凳上，背部靠在长凳上，双脚平放在地上。¶将双手放在长凳上以获得支撑。¶收紧臀肌和腿筋，然后将臀部抬离长凳，直到身体从膝盖到肩膀形成一条直线。¶在顶部暂停片刻，然后慢慢将臀部放回起始位置。¶重复所需的重复次数。
back	bench pull-ups	videos/3019-mExgrF9.gif	images/3019-mExgrF9.jpg	将自己置于与胸部同高的横杆或坚固的水平表面下方。¶正手握住杠铃或杠铃表面，握距略宽于肩宽。¶双臂完全伸展，身体伸直。¶将肩胛骨挤压在一起并弯曲肘部，将胸部拉向杠铃或地面。¶继续拉，直到下巴位于杆或表面上方。¶有控制地降低自己回到起始位置。¶重复所需的重复次数。
legs	bent knee lying twist (male)	videos/3639-6sYyrRX.gif	images/3639-6sYyrRX.jpg	平躺，膝盖弯曲，双脚平放在地上。¶将手臂向两侧伸展，与身体垂直。¶保持膝盖并拢，慢慢地将它们降低到一侧，旨在用膝盖接触地面。¶暂停片刻，然后启动核心并慢慢将膝盖抬回到起始位置。¶到另一侧重复该动作。¶继续交替进行所需的重复次数。
arms	biceps leg concentration curl	videos/1770-sJFIDIp.gif	images/1770-sJFIDIp.jpg	坐在长凳上，双腿分开，双脚平放在地上。¶一只手握住哑铃，将肘部放在大腿内侧，膝盖上方。¶手掌朝上，将哑铃向肩膀弯曲，同时保持上臂静止。¶在动作的最高点挤压二头肌，然后慢慢将哑铃放回起始位置。¶重复所需的重复次数，然后换臂。
arms	biceps narrow pull-ups	videos/0139-50BETrz.gif	images/0139-50BETrz.jpg	悬挂在引体向上杆上，手掌朝向自己，双手与肩同宽。¶启动你的核心并将自己拉向杠铃，专注于使用二头肌来抬起你的身体。¶在最高点暂停片刻，然后慢慢降低回到起始位置。¶重复所需的重复次数。
arms	biceps pull-up	videos/0140-guT8YnS.gif	images/0140-guT8YnS.jpg	悬挂在引体向上杆上，手掌背向自己，双手与肩同宽。¶启动核心肌群，弯曲肘部将自己拉起，使胸部靠近杠铃。¶在动作的最高点暂停，然后慢慢降低回到起始位置。¶重复所需的重复次数。
arms	body-up	videos/0137-U6G2gk9.gif	images/0137-U6G2gk9.jpg	首先将双手放在凸起的表面上，例如长凳或双杠上，手掌朝下，手指向前。¶将双腿向前方伸展，脚跟保持在地面上，身体伸直。¶弯曲肘部降低身体，使其靠近身体两侧，直到上臂与地面平行。¶暂停片刻，然后用手掌伸直手臂，将身体抬回到起始位置。¶重复所需的重复次数。
legs	bodyweight drop jump squat	videos/3543-wfotm7S.gif	images/3543-wfotm7S.jpg	双脚分开与肩同宽站立。¶弯曲膝盖并将臀部向后推，将身体降低至蹲姿。¶爆发性地跳起来，伸展臀部、膝盖和脚踝。¶在半空中时，快速将双脚并拢。¶脚掌轻轻着地，然后立即回到蹲姿。¶重复所需的重复次数。
core	bodyweight incline side plank	videos/3544-5VXmnV5.gif	images/3544-5VXmnV5.jpg	首先侧躺，双腿伸展并叠放在一起。¶将前臂放在肩膀正下方的地面上，肘部弯曲成 90 度角。¶启动你的核心并将臀部抬离地面，从头到脚形成一条直线。¶保持此位置所需的时间。¶将臀部放回到地面，然后在另一侧重复。
arms	bodyweight kneeling triceps extension	videos/1771-s0HKO2I.gif	images/1771-s0HKO2I.jpg	跪在地上，膝盖分开与臀部同宽。¶将双手放在身前的地面上，与肩同宽，手指指向前方。¶将双腿伸直在身后，用脚趾和双手保持平衡，从头到脚跟形成一条直线。¶弯曲肘部，将上半身向地面降低，保持肘部靠近身体两侧。¶在底部停顿片刻，然后双手用力伸直手臂，回到起始位置。¶重复所需的重复次数。
arms	bodyweight side lying biceps curl	videos/1769-gscGLOU.gif	images/1769-gscGLOU.jpg	侧躺，双腿伸直，用手臂支撑头部。¶将上臂靠在身体两侧，弯曲肘部，将前臂卷向肩膀。¶在顶部暂停片刻，然后慢慢将前臂放回起始位置。¶重复所需的重复次数。
back	bodyweight squatting row	videos/3168-3xK09Sk.gif	images/3168-3xK09Sk.jpg	双脚分开与肩同宽站立，伸直手臂抓住坚固的物体或悬挂训练器。¶将身体降低至蹲姿，保持背部挺直，膝盖位于脚趾后面。¶从蹲姿开始，将身体向上拉向物体或悬挂训练器，将肩胛骨挤压在一起。¶在顶部停顿片刻，然后慢慢将身体放回起始位置。¶重复所需的重复次数。
back	bodyweight squatting row (with towel)	videos/3167-BReCuOn.gif	images/3167-BReCuOn.jpg	双脚分开与肩同宽站立，手掌朝下，将毛巾放在身前。¶弯曲膝盖，将身体降低至蹲姿，保持背部挺直，挺胸。¶当你下蹲时，同时将毛巾拉向胸部，将肩胛骨挤压在一起。¶在深蹲底部停顿片刻，然后慢慢回到起始位置，同时伸展双臂。¶重复所需的重复次数。
legs	bodyweight standing calf raise	videos/1373-bJYHBIN.gif	images/1373-bJYHBIN.jpg	双脚分开与肩同宽站立，脚趾指向前方。¶将手放在墙壁或稳定的表面上以保持平衡。¶慢慢地将脚后跟抬离地面，将身体重量转移到脚掌上。¶在顶部停顿片刻，然后慢慢降低脚后跟回到起始位置。¶重复所需的重复次数。
back	bodyweight standing close-grip one arm row	videos/3156-v2DfH14.gif	images/3156-v2DfH14.jpg	双脚分开与肩同宽站立，膝盖稍微弯曲，一只手握住哑铃，握姿中立。¶臀部向前弯曲，保持背部挺直，核心肌群参与。¶将哑铃向上拉向胸部，保持肘部靠近身体并将肩胛骨挤压在一起。¶在顶部停顿片刻，然后慢慢将哑铃放回起始位置。¶重复所需的重复次数，然后换边。
back	bodyweight standing close-grip row	videos/3158-tig3PXb.gif	images/3158-tig3PXb.jpg	站立，双脚分开与肩同宽，膝盖稍微弯曲。¶腰部向前弯曲，保持背部挺直，核心肌群参与。¶将双臂伸直在身前，紧紧抓住杆或手柄。¶将杠铃或手柄拉向身体，将肩胛骨挤压在一起。¶在动作的最高点停顿片刻，然后慢慢松开并回到起始位置。¶重复所需的重复次数。
back	bodyweight standing one arm row	videos/3162-xbkPfaw.gif	images/3162-xbkPfaw.jpg	双脚分开与肩同宽站立，膝盖稍微弯曲，一手握住哑铃。¶臀部向前弯曲，保持背部挺直，核心肌群参与。¶让哑铃垂直悬挂在您面前，手臂完全伸展。¶将哑铃向上拉向胸部，保持肘部靠近身体。¶在动作的最高点将肩胛骨挤压在一起。¶将哑铃放回起始位置。¶重复所需的重复次数，然后换边。
back	bodyweight standing one arm row (with towel)	videos/3161-O4oIqQD.gif	images/3161-O4oIqQD.jpg	双脚分开与肩同宽站立，膝盖微曲，单手握住毛巾。¶臀部向前弯曲，保持背部挺直，核心肌群参与。¶将毛巾拉向胸部，将肩胛骨挤压在一起。¶在顶部停顿片刻，然后慢慢将毛巾放回起始位置。¶重复所需的重复次数，然后换到另一只手臂。
back	bodyweight standing row	videos/3166-wd4ds3s.gif	images/3166-wd4ds3s.jpg	站立，双脚分开与肩同宽，膝盖稍微弯曲。¶正手握住杆或手柄，手掌朝下。¶保持背部挺直，核心参与。¶将杠铃或手柄拉向身体，将肩胛骨挤压在一起。¶在动作的最高点停顿片刻。¶慢慢释放并伸展双臂回到起始位置。¶重复所需的重复次数。
back	bodyweight standing row (with towel)	videos/3165-uTv34oq.gif	images/3165-uTv34oq.jpg	双脚分开与肩同宽站立，双手握住毛巾放在身前。¶稍微弯曲膝盖，髋部向前转动，保持背部挺直。¶将毛巾拉向胸部，将肩胛骨挤压在一起。¶在最高点停顿片刻，然后慢慢释放张力，回到起始位置。¶重复所需的重复次数。
core	bottoms-up	videos/0138-CI6baTY.gif	images/0138-CI6baTY.jpg	平躺，双腿伸展，双臂放在身体两侧。¶弯曲膝盖并将其靠近胸部，保持双脚离开地面。¶收紧腹肌，将臀部抬离地面，将膝盖靠近头部。¶在顶部暂停片刻，然后慢慢将臀部放回起始位置。¶重复所需的重复次数。
legs	box jump down with one leg stabilization	videos/1374-iPm26QU.gif	images/1374-iPm26QU.jpg	站在盒子或平台前，双脚分开与肩同宽。¶弯曲膝盖，跳到盒子上，一只脚轻轻落地，另一只脚悬在盒子边缘。¶将脚踩在盒子上，将自己稳定在盒子上，同时保持另一只脚离开地面。¶保持这个姿势几秒钟，锻炼小腿肌肉以保持平衡。¶将放在盒子上的脚慢慢放下，回到起始位置。¶用另一条腿重复该练习。
core	bridge - mountain climber (cross body)	videos/2466-9c6T1YX.gif	images/2466-9c6T1YX.jpg	从高平板支撑位置开始，双手直接放在肩膀下方，身体呈一条直线。¶启动你的核心并将右脚抬离地面，将右膝移向左肘。¶将右脚放回到起始位置，然后将左脚朝向右肘重复该动作。¶继续交替两侧，以受控的速度移动。¶保持臀部水平，避免臀部抬得太高或下垂得太低。¶在整个练习过程中保持稳定的呼吸模式。¶重复所需的重复次数。
cardio	burpee	videos/1160-dK9394r.gif	images/1160-dK9394r.jpg	从站立位置开始，双脚分开与肩同宽。¶弯曲膝盖并将双手放在身前的地板上，将身体降低至蹲姿。¶将脚踢回到俯卧撑位置。¶进行俯卧撑，保持身体呈一条直线。¶将双脚跳回蹲姿。¶爆发性地跳起，将双臂举过头顶。¶轻轻落地并立即回到蹲姿，开始下一次重复。
core	butt-ups	videos/0870-qcNN2FN.gif	images/0870-qcNN2FN.jpg	平躺，膝盖弯曲，双脚平放在地上。¶将双手放在身体两侧，掌心朝下。¶收紧腹肌，将双腿抬离地面，将膝盖靠近胸部。¶在动作的最高点，挤压腹肌并暂停片刻。¶慢慢地将双腿放回起始位置。¶重复所需的重复次数。
legs	butterfly yoga pose	videos/1494-bWlZvXh.gif	images/1494-bWlZvXh.jpg	坐在地板上，双腿伸到身前。¶弯曲膝盖，将脚底并拢，让膝盖向两侧倾斜。¶用手抓住脚踝或脚。¶坐直并拉长脊柱。¶轻轻地将膝盖压向地板，感觉大腿内侧有拉伸感。¶保持这个姿势几个呼吸。¶要放松，请慢慢抬起膝盖并伸展双腿。
legs	calf push stretch with hands against wall	videos/1407-PzNxakt.gif	images/1407-PzNxakt.jpg	面向墙壁站立，双脚分开与臀部同宽。¶将双手靠在墙上，与肩同高。¶一只脚向后退一步，脚跟保持在地面上，腿伸直。¶稍微弯曲前膝盖并向前倾斜，感觉小腿有拉伸感。¶保持拉伸 20-30 秒。¶换腿并重复拉伸。
legs	calf stretch with hands against wall	videos/1377-m0tCHqc.gif	images/1377-m0tCHqc.jpg	面向墙壁站立，双脚分开与臀部同宽。¶将双手靠在墙上，与肩同高。¶右脚向后退一步，保持脚后跟着地，腿伸直。¶弯曲左膝并向前倾斜，保持后腿伸直，脚后跟着地。¶保持拉伸 20-30 秒。¶换腿并重复拉伸。
core	captains chair straight leg raise	videos/2963-weoDEpH.gif	images/2963-weoDEpH.jpg	坐在船长椅上，背部靠在靠背上，前臂放在扶手垫上。¶保持上半身稳定，背部挺直。¶收紧腹肌并将双腿抬起到身前，保持伸直。¶继续抬起，直到双腿与地面平行或达到您可以舒适地达到的高度。¶在顶部暂停片刻，然后慢慢将双腿放回起始位置。¶重复所需的重复次数。
legs	chair leg extended stretch	videos/1548-xGgAGPm.gif	images/1548-xGgAGPm.jpg	坐在椅子边缘，背部挺直，双脚平放在地面上。¶将一只腿伸直在身前，脚跟保持在地面上。¶稍微向前倾，感受股四头肌的拉伸。¶保持这个姿势20-30秒。¶换腿并重复拉伸。
chest	chest and front of shoulder stretch	videos/1271-Uto7l43.gif	images/1271-Uto7l43.jpg	站直，双脚分开与肩同宽。¶将双臂伸直至前方，与肩同高。¶双臂交叉在身体前方，右臂放在左臂上方。¶手指交叉并将手掌压在一起。¶轻轻地将肩胛骨挤压在一起，然后将双手向前推，感觉胸部和肩膀前部有拉伸感。¶保持拉伸 20-30 秒，然后放松。¶重复所需的重复次数。
chest	chest dip	videos/0251-9WTm7dq.gif	images/0251-9WTm7dq.jpg	将自己置于双杠上，双臂完全伸展，身体伸直。¶弯曲肘部，降低身体，直到肩膀低于肘部。¶伸直手臂，将自己推回起始位置。¶重复所需的重复次数。
chest	chest dip (on dip-pull-up cage)	videos/1430-XgWyAiA.gif	images/1430-XgWyAiA.jpg	将倾斜杆调整到您可以舒适地握住它们的高度。¶站在杠铃之间，将双手放在每个杠铃上，距离略宽于肩宽。¶跳起来并伸直双臂，将体重支撑在杠上。¶弯曲膝盖并将脚踝交叉在身后。¶弯曲肘部降低身体，保持胸部向上，肩膀向下。¶继续降低，直到肩膀低于肘部或直到您感到胸部有拉伸感。¶推动手掌并伸展肘部，将身体抬回到起始位置。¶重复所需的重复次数。
chest	chest dip on straight bar	videos/2462-LQFOrMn.gif	images/2462-LQFOrMn.jpg	手掌朝下，双臂完全伸展，抓住双杠。¶弯曲膝盖并交叉脚踝。¶弯曲手臂，降低身体，直到肩膀低于肘部。¶伸直手臂，将自己推回起始位置。¶重复所需的重复次数。
chest	chest tap push-up (male)	videos/3216-7E06s6d.gif	images/3216-7E06s6d.jpg	从高平板支撑位置开始，双手分开略宽于肩宽，身体呈一条直线。¶弯曲肘部，使肘部靠近身体两侧，将身体降低到地面。¶当你降低身体时，用右手拍打胸部。¶将自己推回到起始位置。¶重复这个动作，这次用左手敲击胸部。¶继续交替进行所需的重复次数。
back	chin-up	videos/1326-T2mxWqc.gif	images/1326-T2mxWqc.jpg	悬挂在引体向上杆上，手掌朝向自己，双手与肩同宽。¶启动核心肌群，将身体拉向杠铃杆，以胸部为主导。¶继续拉，直到下巴位于杠铃上方。¶在顶部停顿片刻，然后慢慢将身体放回起始位置。¶重复所需的重复次数。
back	chin-ups (narrow parallel grip)	videos/0253-G70mEAJ.gif	images/0253-G70mEAJ.jpg	用狭窄的平行握距悬挂在引体向上杆上，手掌朝向您。¶收紧背部肌肉，将身体拉向杠铃杆，保持肘部靠近身体。¶继续拉，直到下巴位于杠铃上方。¶在顶部停顿片刻，然后慢慢将身体放回起始位置。¶重复所需的重复次数。
legs	circles knee stretch	videos/0257-X7jbxra.gif	images/0257-X7jbxra.jpg	双脚分开与肩同宽站立，双手放在臀部。¶稍微弯曲膝盖，将脚跟抬离地面，用脚掌保持平衡。¶保持膝盖弯曲，先顺时针旋转膝盖，然后逆时针旋转膝盖。¶执行所需的重复运动次数。
chest	clap push up	videos/1273-wigSg76.gif	images/1273-wigSg76.jpg	从高平板支撑位置开始，双手分开略宽于肩宽。¶弯曲肘部，将身体降低到地面，保持核心参与。¶爆发性地推动手掌，将身体推离地面。¶在半空中时，拍手，然后回到起始位置。¶重复所需的重复次数。
chest	clock push-up	videos/0258-CMAxnsG.gif	images/0258-CMAxnsG.jpg	从高平板支撑位置开始，双手直接放在肩膀下方，身体呈一条直线。¶弯曲肘部，使肘部靠近身体两侧，将身体降低到地面。¶当你下降时，将你的身体向左旋转，将你的左臂伸直到侧面。¶向上推回到起始位置，同时将身体旋转到中心。¶重复俯卧撑，这次将身体向右旋转，并将右臂向侧面伸出。¶每次重复时继续交替进行。
back	close grip chin-up	videos/1327-VnfUNW7.gif	images/1327-VnfUNW7.jpg	抓住引体向上杆，手掌朝向自己，双手与肩同宽。¶悬挂在杠上，双臂完全伸展，双脚离开地面。¶收紧背部肌肉，将身体拉向杠铃杆，保持肘部靠近身体。¶继续拉，直到下巴位于杠铃上方。¶在顶部停顿片刻，然后慢慢将身体放回起始位置。¶重复所需的重复次数。
arms	close-grip push-up	videos/0259-x6KpKpq.gif	images/0259-x6KpKpq.jpg	从高位平板支撑开始，双手并拢，位于肩膀正下方。¶收紧核心，将身体降低到地面，保持肘部靠近身体两侧。¶推动手掌以伸展手臂并返回到起始位置。¶重复所需的重复次数。
arms	close-grip push-up (on knees)	videos/2398-v3vLFW0.gif	images/2398-v3vLFW0.jpg	首先双手和膝盖着地，双手与肩同宽，膝盖与臀部同宽。¶弯曲肘部，将上身压向地面，使其靠近身体两侧。¶当你的胸部刚好高于地面时，暂停片刻。¶推动手掌以伸直手臂并返回到起始位置。¶重复所需的重复次数。
core	cocoons	videos/0260-SLKj2pX.gif	images/0260-SLKj2pX.jpg	平躺，膝盖弯曲，双脚平放在地上。¶将双手放在脑后，肘部朝外。¶收紧腹肌，慢慢将上半身抬离地面，向前卷曲，直到躯干呈 45 度角。¶在顶部停顿片刻，然后慢慢将上半身放回起始位置。¶重复所需的重复次数。
core	crab twist toe touch	videos/1468-xgsGFVM.gif	images/1468-xgsGFVM.jpg	首先坐在地上，膝盖弯曲，双脚平放在地板上。¶将双手放在身后，手指指向脚部，并将臀部抬离地面。¶将一条腿伸直到您面前，同时将另一只手伸向脚趾。¶返回起始位置并在另一侧重复。¶继续交替进行所需的重复次数。
core	cross body crunch	videos/0262-rbu5UUb.gif	images/0262-rbu5UUb.jpg	平躺，膝盖弯曲，双脚平放在地上。¶将双手放在脑后，肘部朝外。¶收紧腹肌，将上半身抬离地面，然后扭转，使右肘靠近左膝盖。¶在顶部停顿片刻，然后慢慢将上半身放回起始位置。¶在另一侧重复，将左肘靠近右膝盖。¶重复所需的重复次数。
core	crunch (hands overhead)	videos/0267-kjJ3VoQ.gif	images/0267-kjJ3VoQ.jpg	平躺，膝盖弯曲，双脚平放在地上。¶将双臂伸直至头顶上方。¶收紧腹肌，将上半身抬离地面，向前向膝盖弯曲。¶在顶部停顿片刻，然后慢慢将上半身放回起始位置。¶重复所需的重复次数。
core	crunch floor	videos/0274-TFqbd8t.gif	images/0274-TFqbd8t.jpg	平躺，膝盖弯曲，双脚平放在地上。¶将双手放在脑后，肘部朝外。¶收紧腹肌，将肩膀抬离地面，向前向膝盖弯曲。¶在顶部停顿片刻，然后慢慢将肩膀放回起始位置。¶重复所需的重复次数。
core	curl-up	videos/3016-g2oKspu.gif	images/3016-g2oKspu.jpg	平躺，膝盖弯曲，双脚平放在地上。¶将双手放在脑后，肘部朝外。¶收紧腹肌，慢慢将上半身抬离地面，向前卷曲，直到躯干呈 45 度角。¶在顶部停顿片刻，然后慢慢将上半身放回起始位置。¶重复所需的重复次数。
legs	curtsey squat	videos/3769-gUjqdei.gif	images/3769-gUjqdei.jpg	双脚分开与肩同宽站立。¶右脚向斜后方跨出一步，跨过身体，交叉在左腿后面。¶弯曲双膝，就像行屈膝礼一样，将身体降低到地面。¶保持躯干直立，将体重放在前脚上。¶推动前脚返回起始位置。¶在另一侧重复，用左脚斜向后方跨过身体。
core	dead bug	videos/0276-iny3m5y.gif	images/0276-iny3m5y.jpg	平躺，双臂伸向天花板。¶弯曲膝盖，将双腿抬离地面，使臀部和膝盖形成 90 度角。¶接合你的核心和下背部，将你的下背部压入地面。¶慢慢地将右臂和左腿放低至地面，保持它们伸直并悬停在地板上方。¶暂停片刻，然后回到起始位置。¶用左臂和右腿重复该动作。¶继续交替进行所需的重复次数。
core	decline crunch	videos/0277-9Ap7miY.gif	images/0277-9Ap7miY.jpg	躺在倾斜的长凳上，双脚固定，膝盖弯曲成 90 度角。¶将双手放在脑后或放在胸前。¶收紧腹肌，将上半身抬向膝盖，卷曲躯干。¶在顶部停顿片刻，然后慢慢将上半身放回起始位置。¶重复所需的重复次数。
chest	decline push-up	videos/0279-i5cEhka.gif	images/0279-i5cEhka.jpg	将双手放在地面上，距离略宽于肩宽，双脚放在稳定的表面上。¶保持身体从头到脚呈一条直线，锻炼核心肌肉。¶弯曲肘部，使胸部靠近地面，使胸部靠近地面。¶推动手掌以伸展手臂并返回到起始位置。¶重复所需的重复次数。
core	decline sit-up	videos/0282-QLL2gdc.gif	images/0282-QLL2gdc.jpg	躺在倾斜的长凳上，双脚固定，膝盖弯曲。¶将双手放在脑后或放在胸前。¶收紧腹肌，将上半身抬离长凳，向前向膝盖弯曲。¶在顶部停顿片刻，然后慢慢将上半身放回起始位置。¶重复所需的重复次数。
arms	diamond push-up	videos/0283-soIB2rj.gif	images/0283-soIB2rj.jpg	从高位平板支撑开始，双手并拢，拇指和食指形成菱形。¶让你的身体从头到脚保持一条直线，锻炼你的核心和臀部。¶将胸部降低至双手形成的菱形，保持肘部靠近身体。¶在底部暂停片刻，然后将自己推回到起始位置。¶重复所需的重复次数。
legs	donkey calf raise	videos/0284-u5ESqzH.gif	images/0284-u5ESqzH.jpg	将脚趾站立在升高的表面上，例如台阶或木块。¶将双手放在稳定的支撑物上，例如墙壁或栏杆，以保持平衡。¶尽可能高地抬高脚后跟，将身体重量转移到脚掌上。¶在顶部停顿片刻，然后慢慢降低脚后跟回到起始位置。¶重复所需的重复次数。
chest	drop push up	videos/1275-Q497lAE.gif	images/1275-Q497lAE.jpg	从高平板支撑位置开始，双手分开略宽于肩宽。¶将胸部压向地面，保持肘部靠近身体。¶当你的胸部刚好高于地面时，迅速将膝盖放在地上。¶伸展双臂，将自己推回到起始位置。¶重复所需的重复次数。
chest	dynamic chest stretch (male)	videos/1167-3uj0Ozg.gif	images/1167-3uj0Ozg.jpg	站直，双脚分开与肩同宽。¶将双臂伸直至两侧，与地面平行。¶慢慢地将双臂向前伸，交叉在身体前面。¶感受胸部肌肉的伸展。¶保持拉伸 10-30 秒。¶返回起始位置并重复所需的重复次数。
arms	elbow dips	videos/3287-LkoAWAE.gif	images/3287-LkoAWAE.jpg	坐在长凳或椅子的边缘，双手抓住臀部旁边的边缘。¶将臀部向前滑离长凳，伸直双腿，保持脚后跟着地。¶弯曲肘部，将身体放低至地面，保持背部靠近长凳。¶在底部停顿片刻，然后双手用力伸直手臂，将身体抬回到起始位置。¶重复所需的重复次数。
back	elbow lift - reverse push-up	videos/1772-wbUYILZ.gif	images/1772-wbUYILZ.jpg	首先，脸朝下躺在地上，双腿伸展，双手直接放在肩膀下方。¶收紧核心并用手掌按压，将上半身抬离地面，保持肘部靠近身体两侧。¶在顶部暂停片刻，挤压上背部肌肉。¶慢慢地将身体放回起始位置。¶重复所需的重复次数。
core	elbow-to-knee	videos/0443-jvp6DiD.gif	images/0443-jvp6DiD.jpg	首先平躺，膝盖弯曲，双脚平放在地上。¶将双手放在脑后，肘部朝外。¶收紧腹肌，将上半身抬离地面，将右肘靠近左膝盖。¶同时，将左膝移向右肘，形成扭转动作。¶在顶部停顿片刻，然后慢慢降低上半身并将双腿伸展回到起始位置。¶重复该动作，这次将左肘移向右膝，将右膝移向左肘。¶继续交替进行所需的重复次数。
back	elevator	videos/3292-zYmNaoY.gif	images/3292-zYmNaoY.jpg	双脚分开与肩同宽站立，膝盖稍微弯曲。¶将双手放在臀部或交叉放在胸前。¶保持背部挺直，腰部慢慢向前弯曲，将上半身向地面降低。¶在底部停顿片刻，然后慢慢抬起上半身回到起始位置。¶重复所需的重复次数。
core	flag	videos/3303-pQ0Mx1Z.gif	images/3303-pQ0Mx1Z.jpg	首先，双手握住一根垂直杆，手掌相对，双臂完全伸展。¶启动你的核心并将双腿抬离地面，保持伸直。¶利用核心和上半身的力量，抬起双腿，直到它们与地面平行。¶尽可能长时间地保持这个姿势，保持身体线条笔直。¶慢慢地将双腿放回起始位置。¶重复所需的重复次数。
core	flexion leg sit up (bent knee)	videos/0456-AR0ig3o.gif	images/0456-AR0ig3o.jpg	平躺，膝盖弯曲，双脚平放在地上。¶将双手放在脑后，肘部朝外。¶收紧腹肌，慢慢将上半身抬离地面，向前卷曲，直到躯干呈 45 度角。¶同时，将双腿抬离地面，弯曲膝盖并将其拉向胸部。¶在顶部停顿片刻，然后慢慢降低上半身和双腿回到起始位置。¶重复所需的重复次数。
core	flexion leg sit up (straight arm)	videos/0457-KZn52RC.gif	images/0457-KZn52RC.jpg	平躺，双腿伸直，双臂伸直至头顶上方。¶收紧腹肌，将上半身抬离地面，同时将双腿抬向胸部。¶抬起上半身和腿部时，将双手伸向脚趾。¶在顶部停顿片刻，然后慢慢降低上半身和双腿回到起始位置。¶重复所需的重复次数。
legs	flutter kicks	videos/0459-UVo2Qs2.gif	images/0459-UVo2Qs2.jpg	平躺，双腿伸展，双手放在身体两侧。¶收紧核心肌群并将双腿抬离地面约 6 英寸。¶保持双腿伸直，交替将一条腿抬得比另一条腿稍高。¶继续这个颤动动作达到所需的重复次数。
legs	forward jump	videos/1472-uZKq7lo.gif	images/1472-uZKq7lo.jpg	双脚分开与肩同宽站立。¶弯曲膝盖并将身体降低至蹲姿。¶向后摆动手臂以获得动力。¶爆发性地向前跳跃，伸展臀部、膝盖和脚踝。¶脚掌轻轻落地，然后立即进入下一个跳跃。¶重复所需的重复次数。
legs	forward lunge (male)	videos/3470-kMzUs9Y.gif	images/3470-kMzUs9Y.jpg	站立，双脚分开与臀部同宽，双手放在臀部。¶右脚向前迈出一大步，将身体降低到弓步位置。¶将右膝盖弯曲约 90 度，保持膝盖与脚踝对齐。¶用右脚推出并返回到起始位置。¶用左腿重复上述动作，交替进行所需的重复次数。
core	frog crunch	videos/2429-FFRP97T.gif	images/2429-FFRP97T.jpg	平躺，膝盖弯曲，双脚平放在地上。¶将双手放在脑后，肘部朝外。¶收紧腹肌，将上半身抬离地面，向前卷曲直到躯干呈 45 度角。¶在顶部停顿片刻，然后慢慢将上半身放回起始位置。¶重复所需的重复次数。
core	frog planche	videos/3301-rQhGcin.gif	images/3301-rQhGcin.jpg	从俯卧撑位置开始，双手与肩同宽，双脚并拢。¶弯曲肘部，将身体放低至地面，保持背部挺直。¶当你降低身体时，将双脚抬离地面，并将膝盖靠近胸部。¶保持这个姿势几秒钟，然后向后伸展双腿，并将自己推回到起始位置。¶重复所需的重复次数。
core	front lever	videos/3296-PkCN2lv.gif	images/3296-PkCN2lv.jpg	首先，用正手握法悬挂在引体向上杆上，双手与肩同宽。¶启动你的核心并将肩胛骨向下拉和向后拉。¶弯曲膝盖并将其向胸部靠拢。¶同时，抬起双腿并将其伸直在您面前，保持身体与地面平行。¶尽可能长时间地保持此位置，以达到完全前杆位置。¶要释放，请慢慢降低双腿并返回到起始位置。¶重复所需的重复次数。
back	front lever reps	videos/3295-hbY9wqG.gif	images/3295-hbY9wqG.jpg	正手握住引体向上杆，手掌背向自己。¶启动你的核心并将肩胛骨向下拉和向后拉。¶保持身体挺直，抬起双腿直至与地面平行。¶尽可能长时间地保持这个姿势，目标是 10-20 秒。¶慢慢地将双腿放回起始位置。¶重复所需的重复次数。
core	front plank with twist	videos/0464-CosupLu.gif	images/0464-CosupLu.jpg	从高平板支撑位置开始，双手直接放在肩膀下方，身体从头到脚成一条直线。¶调动你的核心和臀部以保持稳定的位置。¶将躯干向右旋转，抬起右臂并向天花板延伸。¶扭转时保持臀部和腿部稳定。¶保持片刻，然后回到起始位置。¶在左侧重复扭转。¶继续交替进行所需的重复次数。
core	full maltese	videos/3315-YRaCa5Y.gif	images/3315-YRaCa5Y.jpg	首先站立，双脚分开与肩同宽，双臂伸直至两侧。¶慢慢向前倾斜，保持手臂伸直，直到上半身与地面平行。¶启动你的核心并保持这个姿势几秒钟。¶通过双脚推动并站起来，回到起始位置。¶重复所需的重复次数。
core	full planche	videos/3299-YZ4961r.gif	images/3299-YZ4961r.jpg	从俯卧撑位置开始，双手与肩同宽，手指指向前方。¶启动你的核心并缓慢地将你的重心向前移动，将你的脚抬离地面。¶继续向前移动体重，直到身体与地面平行，并用双手保持平衡。¶尽可能长时间地保持这个姿势，保持身体线条笔直。¶慢慢地将双脚放回地面，然后回到起始位置。¶重复所需的重复次数。
chest	full planche push-up	videos/3327-gw9PqGk.gif	images/3327-gw9PqGk.jpg	从俯卧撑位置开始，双手分开略宽于肩宽。¶收紧核心肌群，将身体放低至地面，保持肘部靠近身体两侧。¶当你降低身体高度时，身体向前倾斜，双脚离开地面，用双手保持平衡。¶继续降低身体，直到胸部略高于地面。¶用手推动并伸展双臂，将身体抬回到起始位置。¶在整个运动过程中，从头部到脚后跟保持一条直线。¶重复所需的重复次数。
back	gironda sternum chin	videos/0466-IL0JUxR.gif	images/0466-IL0JUxR.jpg	面向高杠站立，双脚分开与肩同宽。¶向上伸手，正手握住杠铃，握距略宽于肩宽。¶悬挂在杠上，双臂完全伸展，身体伸直。¶用你的背阔肌和二头肌将你的胸部拉向杠铃杆，以胸骨为主导。¶在最高点暂停片刻，然后慢慢降低回到起始位置。¶重复所需的重复次数。
legs	glute bridge march	videos/3561-GibBPPg.gif	images/3561-GibBPPg.jpg	平躺，膝盖弯曲，双脚平放在地上。¶收紧臀部并将臀部抬离地面，从膝盖到肩膀形成一条直线。¶在保持臀部抬起的同时，将一只脚抬离地面，并将膝盖靠近胸部。¶将脚放回地面，然后用另一条腿重复该动作。¶继续交替双腿进行行进动作，同时保持桥式姿势。¶重复所需的重复次数。
legs	glute bridge two legs on bench (male)	videos/3523-aWedzZX.gif	images/3523-aWedzZX.jpg	坐在长凳边缘，背靠着长凳，双脚平放在地上。¶将双手放在臀部旁边的长凳上以获得支撑。¶收紧臀肌和腿筋，然后将臀部抬离长凳，直到身体从膝盖到肩膀形成一条直线。¶在顶部暂停片刻，然后慢慢将臀部放回起始位置。¶重复所需的重复次数。
legs	glute-ham raise	videos/3193-Vvwjz6N.gif	images/3193-Vvwjz6N.jpg	调整臀肌提升机以适合您的身体。¶将自己面朝下放在机器上，固定脚踝。¶将双手放在胸前或交叉在胸前。¶调动腿筋和臀肌，将上半身抬向天花板。¶继续抬起，直到身体从头部到脚后跟成一条直线。¶在顶部停顿片刻，然后慢慢将身体放回起始位置。¶重复所需的重复次数。
core	gorilla chin	videos/0467-bmwlYvD.gif	images/0467-bmwlYvD.jpg	双脚分开与肩同宽站立，膝盖稍微弯曲。¶正手握住引体向上杆，握距略宽于肩宽。¶悬挂在杠上，双臂完全伸展，手掌背向自己。¶收紧核心肌群，将身体拉向杠铃杆，将下巴置于杠铃上方。¶在顶部停顿片刻，然后慢慢将身体放回起始位置。¶重复所需的重复次数。
core	groin crunch	videos/0469-mWppALS.gif	images/0469-mWppALS.jpg	平躺，膝盖弯曲，双脚平放在地上。¶将双手放在脑后，肘部朝外。¶收紧腹肌，将双腿抬离地面，将膝盖靠近胸部。¶在顶部暂停片刻，然后慢慢将双腿放回起始位置。¶重复所需的重复次数。
cardio	half knee bends (male)	videos/3221-ia6kIIl.gif	images/3221-ia6kIIl.jpg	双脚分开与肩同宽站立。¶弯曲膝盖并降低身体，就像坐回椅子上一样。¶保持挺胸，将体重放在脚后跟上。¶在底部停顿片刻，然后推动脚后跟回到起始位置。¶重复所需的重复次数。
core	half sit-up (male)	videos/3202-iQ241UP.gif	images/3202-iQ241UP.jpg	平躺，膝盖弯曲，双脚平放在地上。¶将双手放在脑后，肘部朝外。¶收紧腹肌，慢慢将上半身抬离地面，向前卷曲，直到躯干呈 45 度角。¶在顶部停顿片刻，然后慢慢将上半身放回起始位置。¶重复所需的重复次数。
legs	hamstring stretch	videos/1511-99rWm7w.gif	images/1511-99rWm7w.jpg	双脚分开与肩同宽站立。¶右脚向前迈出一步，将重心转移到右腿上。¶保持背部挺直，臀部慢慢向前弯曲，双手伸向右脚。¶保持伸展动作 20-30 秒，然后回到起始位置。¶在另一侧重复。
legs	hands clasped circular toe touch (male)	videos/3218-B5xca8s.gif	images/3218-B5xca8s.jpg	双脚分开与肩同宽站立，双手合十放在胸前。¶稍微弯曲膝盖，髋部向前转动，保持背部挺直。¶将双手向脚趾方向以打圈的方式降低，尽量伸得尽可能远，但不要用力。¶在底部停顿片刻，然后慢慢回到起始位置。¶重复所需的重复次数。
legs	hands reversed clasped circular toe touch (male)	videos/3215-yq3GAJX.gif	images/3215-yq3GAJX.jpg	双脚分开与肩同宽站立，双臂向两侧伸展。¶腰部向前弯曲，保持背部挺直，膝盖稍微弯曲。¶双手向下伸，并在腿后将它们握在一起。¶慢慢地将双手举过头顶，做圆周运动，保持双腿伸直。¶继续圆周运动，直到双手触及脚趾。¶反转动作并将双手放回起始位置。¶重复所需的重复次数。
arms	handstand	videos/3302-XooAdhl.gif	images/3302-XooAdhl.jpg	找到一个有足够空间的空地来进行倒立。¶将双手放在地上，与肩同宽，手指指向前方。¶将双腿向上踢向墙壁，用核心和肩膀保持平衡。¶处于倒立位置后，用三头肌来支撑体重。¶只要能保持平衡，就保持倒立。¶下降时，慢慢将双腿放回地面。¶重复所需的重复次数。
arms	handstand push-up	videos/0471-rQxwMxO.gif	images/0471-rQxwMxO.jpg	找到一堵墙，背对墙，站在几英尺远的地方。¶将双手放在地面上，与肩同宽，然后将脚踢到墙上，形成倒立姿势。¶弯曲肘部，将头低向地面，保持身体呈一条直线。¶用手推动并伸展双臂以返回到起始位置。¶重复所需的重复次数。
core	hanging leg hip raise	videos/1764-VEcJRo2.gif	images/1764-VEcJRo2.jpg	悬挂在引体向上杆上，双臂完全伸展，手掌背向自己。¶弯曲臀部和膝盖，收紧核心并抬起双腿，直到大腿与地面平行。¶在顶部暂停片刻，然后慢慢将双腿放回起始位置。¶重复所需的重复次数。
core	hanging leg raise	videos/0472-I3tsCnC.gif	images/0472-I3tsCnC.jpg	悬挂在引体向上杆上，双臂完全伸展，手掌背向自己。¶启动你的核心并将双腿抬起到你面前，保持伸直。¶继续抬起，直到双腿与地面平行或达到您可以舒适地达到的高度。¶在顶部暂停片刻，然后慢慢将双腿放回起始位置。¶重复所需的重复次数。
core	hanging oblique knee raise	videos/1761-BaE7O6U.gif	images/1761-BaE7O6U.jpg	悬挂在引体向上杆上，双臂完全伸展，手掌背向自己。¶收紧核心并将膝盖抬向胸部，同时将躯干扭转到一侧。¶在顶部暂停片刻，然后慢慢将双腿放回起始位置。¶在另一侧重复上述步骤，向相反方向扭转躯干。¶继续交替进行所需的重复次数。
core	hanging pike	videos/0473-nuBF9MO.gif	images/0473-nuBF9MO.jpg	悬挂在引体向上杆上，双臂完全伸展，手掌背向自己。¶收紧核心肌群，将双腿向杠铃方向抬起，保持伸直。¶继续抬起身体，直到身体形成“V”形，双腿与地面平行。¶保持该姿势片刻，然后慢慢将双腿放回起始位置。¶重复所需的重复次数。
core	hanging straight leg hip raise	videos/0474-pj0X0tF.gif	images/0474-pj0X0tF.jpg	悬挂在引体向上杆上，双臂完全伸展，手掌背向自己。¶启动你的核心并将双腿抬起到你面前，直到它们与地面平行。¶在顶部暂停片刻，然后慢慢将双腿放回起始位置。¶重复所需的重复次数。
core	hanging straight leg raise	videos/0475-4Ml7QFO.gif	images/0475-4Ml7QFO.jpg	悬挂在引体向上杆上，双臂完全伸展，手掌背向自己。¶启动你的核心并将双腿抬起到你面前，保持伸直。¶继续抬起，直到双腿与地面平行或达到您可以舒适地达到的高度。¶在顶部暂停片刻，然后慢慢将双腿放回起始位置。¶重复所需的重复次数。
core	hanging straight twisting leg hip raise	videos/0476-Q6bvyen.gif	images/0476-Q6bvyen.jpg	悬挂在引体向上杆上，双臂完全伸展，双腿伸直。¶启动你的核心并将双腿抬向胸部，保持伸直。¶一旦双腿与地面平行，将臀部向一侧扭转，将双腿移向一侧。¶暂停片刻，然后回到起始位置。¶重复这个动作，但这次将臀部扭向另一侧。¶继续交替进行所需的重复次数。
cardio	high knee against wall	videos/3636-ealLwvX.gif	images/3636-ealLwvX.jpg	面向墙壁站立，双脚分开与臀部同宽。¶将双手放在墙上以获得支撑。¶启动你的核心并将右膝抬向胸部，同时将左脚保持在地面上。¶快速换腿，将左膝抬向胸部，然后将右脚放低。¶继续交替双腿进行跑步动作，将膝盖尽可能抬高。¶在整个练习过程中保持快节奏并保持上半身稳定。¶重复所需的持续时间或重复次数。
core	hip raise (bent knee)	videos/0484-196HJGw.gif	images/0484-196HJGw.jpg	平躺，膝盖弯曲，双脚平放在地上。¶将双手放在身体两侧，掌心朝下。¶收紧核心肌群和臀肌，然后将臀部抬离地面，直到身体从膝盖到肩膀形成一条直线。¶在顶部暂停片刻，然后慢慢将臀部放回起始位置。¶重复所需的重复次数。
legs	hug keens to chest	videos/1418-znP9SIh.gif	images/1418-znP9SIh.jpg	首先站立，双脚分开与肩同宽。¶弯曲膝盖并将身体降低至蹲姿。¶当你蹲下时，将膝盖抬向胸部，并用手臂抱住它们。¶保持这个姿势一会儿，然后慢慢回到起始位置。¶重复所需的重复次数。
back	hyperextension	videos/0489-zhMwOwE.gif	images/0489-zhMwOwE.jpg	调整过度伸展凳，使大腿上部放在垫子上并且双脚固定。¶双臂交叉放在胸前或将双手放在脑后。¶将上半身压向地面，同时保持背部挺直。¶在底部停顿片刻，然后抬起上半身，直到与双腿成一直线。¶重复所需的重复次数。
back	hyperextension (on bench)	videos/0488-zkgRrbK.gif	images/0488-zkgRrbK.jpg	调整过度伸展凳，使臀部舒适地放在垫子上，并且双脚固定。¶双臂交叉放在胸前或将双手放在脑后。¶慢慢地将上半身降低到地面，同时保持背部挺直。¶在底部停顿片刻，然后抬起上半身，直到与双腿成一直线。¶重复所需的重复次数。
arms	impossible dips	videos/3289-05Cf2v8.gif	images/3289-05Cf2v8.jpg	将自己定位在两个双杠之间，双臂完全伸展，身体悬浮在空中。¶弯曲膝盖并交叉脚踝。¶弯曲肘部降低身体，直到上臂与地面平行。¶暂停片刻，然后伸直手臂，将自己推回起始位置。¶重复所需的重复次数。
core	inchworm	videos/1471-ZgsNQ6d.gif	images/1471-ZgsNQ6d.jpg	从站立位置开始，双脚分开与臀部同宽。¶腰部向前弯曲，双手放在身前的地面上。¶双手向前移动，直到处于高位平板支撑位置，身体从头到脚成一条直线。¶暂停片刻，然后将双手移回双脚，尽可能保持双腿伸直。¶一旦你的手到达你的脚，站回起始位置。¶重复所需的重复次数。
core	inchworm v. 2	videos/3698-TV87DNB.gif	images/3698-TV87DNB.jpg	从站立位置开始，双脚分开与臀部同宽。¶腰部向前弯曲，双手放在身前的地面上。¶双手向前移动，直到处于高位平板支撑位置，身体从头到脚成一条直线。¶保持双腿伸直，将脚移向双手，将臀部抬向天花板。¶继续向前移动双手，重复该动作达到所需的重复次数。
arms	incline close-grip push-up	videos/0490-1YB40kg.gif	images/0490-1YB40kg.jpg	将双手放在较高的表面上，例如长凳或台阶上，双手之间的距离略宽于肩宽。¶将双腿伸到身后，放在脚掌上，身体从头到脚跟形成一条直线。¶弯曲肘部，使肘部靠近身体两侧，将胸部降低到升高的表面。¶在底部暂停片刻，然后伸直手臂将自己推回起始位置。¶重复所需的重复次数。
core	incline leg hip raise (leg straight)	videos/0491-eVxAzgz.gif	images/0491-eVxAzgz.jpg	躺在倾斜的长凳上，背部平放在长凳上，双腿伸直在身前。¶将双手放在长凳两侧以获得支撑。¶收紧腹肌，将双腿抬离长凳，尽可能抬高双腿，同时保持伸直。¶在顶部暂停片刻，然后慢慢将双腿放回起始位置。¶重复所需的重复次数。
chest	incline push up depth jump	videos/0492-CB8WET1.gif	images/0492-CB8WET1.jpg	找到一个较高的表面，例如长凳或台阶，并将双手与肩同宽放在边缘。¶双脚向后退一步，保持身体从头到脚跟呈一条直线。¶将胸部向水面边缘降低，弯曲肘部并保持身体对齐。¶推动手掌以伸展手臂并返回到起始位置。¶从水面边缘跳下，膝盖稍微弯曲，轻轻落地。¶重复俯卧撑和深度跳跃达到所需的重复次数。
chest	incline push-up	videos/0493-B1EVP9F.gif	images/0493-B1EVP9F.jpg	将双手放在较高的表面上，例如长凳或台阶上，双手之间的距离略宽于肩宽。¶将双腿伸到身后，放在脚掌上，从头到脚跟形成一条直线。¶弯曲肘部，将胸部向升高的表面降低，保持身体呈一条直线。¶在底部暂停片刻，然后伸直手臂将自己推回起始位置。¶重复所需的重复次数。
chest	incline push-up (on box)	videos/3785-F7vjXqT.gif	images/3785-F7vjXqT.jpg	将双手放在盒子或高架表面的边缘，距离略宽于肩宽。¶将双腿伸到身后，放在脚掌上，从头到脚跟形成一条直线。¶弯曲肘部，将胸部向箱子方向降低，保持身体呈一条直线。¶在底部暂停片刻，然后伸直手臂将自己推回起始位置。¶重复所需的重复次数。
chest	incline reverse grip push-up	videos/0494-XaaRnRn.gif	images/0494-XaaRnRn.jpg	将双手放在长凳或高架表面的边缘，距离略宽于肩宽。¶将双腿伸到身后，放在脚掌上，从头到脚跟形成一条直线。¶弯曲肘部，将胸部向长凳方向降低，使其靠近身体两侧。¶在底部暂停片刻，然后伸展双臂将自己推回起始位置。¶重复所需的重复次数。
chest	incline scapula push up	videos/3011-GdMa1ET.gif	images/3011-GdMa1ET.jpg	设置一个 45 度角的上斜凳。¶将双手放在长凳上，距离略比肩宽。¶将双脚放在地面上，距离与臀部同宽。¶将胸部向长凳方向降低，保持肘部内收。¶当你降低时，缩回肩胛骨，将肩胛骨挤压在一起。¶推动手掌以伸展手臂并返回到起始位置。¶重复所需的重复次数。
core	incline twisting sit-up	videos/0495-9ZGZuOD.gif	images/0495-9ZGZuOD.jpg	设置一个 45 度角的上斜凳。¶躺在长凳上，双脚固定在脚垫下。¶将双手放在脑后或放在胸前。¶收紧腹肌，将上半身抬离长凳，向前卷曲。¶当你蜷缩起来时，将你的躯干扭转到一侧，将你的肘部拉向另一侧的膝盖。¶在顶部停顿片刻，然后慢慢将上半身放回起始位置。¶重复这个动作，这次将你的躯干扭转到另一侧。¶继续交替进行所需的重复次数。
legs	inverse leg curl (bench support)	videos/0496-ms7tjSG.gif	images/0496-ms7tjSG.jpg	脸朝下躺在长凳上，臀部位于边缘，双腿伸直在身后。¶抓住长凳以获得支撑。¶保持上半身不动，弯曲膝盖并将双腿向臀部弯曲。¶在顶部停顿片刻，然后慢慢将双腿伸展回起始位置。¶重复所需的重复次数。
legs	inverse leg curl (on pull-up cable machine)	videos/2400-0rHfvy9.gif	images/2400-0rHfvy9.jpg	调整缆绳机，使踝带处于最低设置。¶面朝下躺在长凳上，双腿伸展，脚踝带固定在脚上。¶握住长凳的把手以保持稳定。¶弯曲膝盖，将双腿向臀部弯曲，挤压腿筋。¶在动作的最高点暂停片刻，然后慢慢将双腿放回起始位置。¶重复所需的重复次数。
back	inverted row	videos/0499-bZGHsAZ.gif	images/0499-bZGHsAZ.jpg	在腰部高度设置一个杠铃或使用悬挂训练器。¶面向杠铃或悬吊训练器站立，双脚分开与肩同宽。¶正手握住杠铃或手柄，握距略宽于肩宽。¶向后倾斜，保持身体挺直，脚后跟着地。¶将胸部拉向杠铃或手柄，将肩胛骨挤压在一起。¶在顶部停顿片刻，然后慢慢降低回到起始位置。¶重复所需的重复次数。
back	inverted row bent knees	videos/2300-VPPtusI.gif	images/2300-VPPtusI.jpg	在腰部高度设置一根横杆，然后躺在其下方。¶正手握住杠铃，握距略宽于肩宽。¶调整身体位置，使脚后跟着地，身体伸直。¶将肩胛骨挤压在一起，将胸部向上拉向杠铃。¶在顶部停顿片刻，然后慢慢将身体放回起始位置。¶重复所需的重复次数。
back	inverted row on bench	videos/2298-Mxa7Cr8.gif	images/2298-Mxa7Cr8.jpg	设置一张长凳，其高度应让您的身体可以自由地悬挂在其下方。¶面朝上躺在地上，头朝向长凳。¶向上伸手，正手握住长凳，握距略宽于肩宽。¶调整身体位置，使脚后跟着地，手臂完全伸展。¶当你将胸部拉向长凳时，启动你的核心并将肩胛骨挤压在一起。¶在动作的最高点停顿片刻，然后慢慢降低身体回到起始位置。¶重复所需的重复次数。
back	inverted row v. 2	videos/0497-uX3sUBz.gif	images/0497-uX3sUBz.jpg	在史密斯机上在腰部高度设置一根杠铃或使用悬挂训练器。¶面向杠铃或悬吊训练器站立，用正手握法抓住它，双手与肩同宽。¶双脚向前走，向后倾斜，直到身体呈轻微角度。¶保持身体挺直，将胸部向上拉向杠铃或手柄，将肩胛骨挤压在一起。¶在最高点暂停片刻，然后慢慢降低回到起始位置。¶重复所需的重复次数。
back	inverted row with straps	videos/0498-jdiExfW.gif	images/0498-jdiExfW.jpg	在胸部高度设置悬挂训练器或带子。¶面向锚点站立，并用正手握住手柄。¶双脚向前走，向后倾斜，直到身体呈一定角度。¶保持身体挺直并启动核心。¶将胸部拉向手柄，将肩胛骨挤压在一起。¶在顶部停顿片刻，然后慢慢降低回到起始位置。¶重复所需的重复次数。
legs	iron cross stretch	videos/1419-pZwUsKB.gif	images/1419-pZwUsKB.jpg	平躺，双臂向两侧伸展。¶将双腿抬向天花板，保持伸直。¶慢慢地将双腿降低到一侧，旨在用脚接触地板。¶保持伸展几秒钟，然后将双腿恢复到起始位置。¶在另一侧重复拉伸。¶继续交替进行所需的重复次数。
chest	isometric chest squeeze	videos/1297-HbSG1Pw.gif	images/1297-HbSG1Pw.jpg	双脚分开与肩同宽站立，膝盖稍微弯曲。¶将双臂伸直在身前，与地面平行，手掌相对。¶尽可能用力挤压胸部肌肉，同时保持手臂伸直。¶保持这个姿势几秒钟，专注于收缩胸部肌肉。¶释放挤压并放松胸部肌肉。¶重复所需的重复次数。
chest	isometric wipers	videos/0500-11wrviz.gif	images/0500-11wrviz.jpg	首先平躺在垫子或长凳上。¶将手臂伸直至两侧，与身体垂直。¶启动你的核心并将双腿抬离地面，保持它们并拢并伸直。¶慢慢地将双腿向一侧降低，目标是用脚接触地面，同时保持控制。¶暂停片刻，然后用核心力量将双腿抬回到起始位置。¶重复该动作，这次将双腿降低到另一侧。¶继续交替进行所需的重复次数。
cardio	jack burpee	videos/0501-mr7pkqP.gif	images/0501-mr7pkqP.jpg	从站立位置开始，双脚分开与肩同宽。¶将身体降低至蹲姿，将双手放在身前的地面上。¶双脚向后踢，以俯卧撑姿势落地。¶进行俯卧撑，将胸部降低到地面，然后再向上推。¶双脚向前跳，以蹲姿落地。¶爆发性地跳起，将双臂举过头顶。¶轻轻落地并立即回到蹲姿，开始下一次重复。
cardio	jack jump (male)	videos/3224-1g5bPpA.gif	images/3224-1g5bPpA.jpg	双脚并拢站立，双臂放在身体两侧。¶跳起来，分开双脚，将手臂举过头顶。¶当你落地时，迅速跳回起始位置。¶重复所需的重复次数。
core	jackknife sit-up	videos/0507-mbkgB44.gif	images/0507-mbkgB44.jpg	平躺，双腿伸展，双臂举过头顶。¶启动你的核心，同时抬起双腿和上半身，将双手伸向脚趾。¶在顶部停顿片刻，然后慢慢放下双腿和上半身回到起始位置。¶重复所需的重复次数。
core	janda sit-up	videos/0508-1GPHRyK.gif	images/0508-1GPHRyK.jpg	平躺，膝盖弯曲，双脚平放在地上。¶将双手放在脑后，肘部朝外。¶收紧腹肌，慢慢将上半身抬离地面，向前卷曲，直到躯干呈 45 度角。¶在顶部停顿片刻，然后慢慢将上半身放回起始位置。¶重复所需的重复次数。
legs	jump squat	videos/0514-LIlE5Tn.gif	images/0514-LIlE5Tn.jpg	双脚分开与肩同宽站立。¶弯曲膝盖并将臀部向后推，将身体降低至蹲姿。¶爆发性地跳离地面，伸展臀部、膝盖和脚踝。¶在半空中时，快速将手臂向前伸以保持平衡。¶脚掌轻轻落地，然后立即进入下一个重复动作。¶重复所需的重复次数。
legs	jump squat v. 2	videos/0513-TDYiji6.gif	images/0513-TDYiji6.jpg	双脚分开与肩同宽站立。¶弯曲膝盖并将臀部向后推，将身体降低至蹲姿。¶爆发力跳跃，充分伸展臀部和膝盖。¶脚掌轻轻着地，然后立即将身体放回蹲姿。¶重复所需的重复次数。
legs	kick out sit	videos/0555-v7p5bYl.gif	images/0555-v7p5bYl.jpg	坐在长凳或椅子的边缘，双脚平放在地上，膝盖弯曲成 90 度角。¶稍微向后倾斜，将双手放在长凳或椅子的边缘以获得支撑。¶启动腿筋，将脚抬离地面，并将双腿伸直到身前。¶在顶部停顿片刻，然后慢慢弯曲膝盖，将脚放回身体。¶重复所需的重复次数。
back	kipping muscle up	videos/0558-pM07UxU.gif	images/0558-pM07UxU.jpg	首先，用正手握法悬挂在引体向上杆上，双手分开的距离略大于肩宽。¶启动你的核心并使用摆动动作来产生动力。¶当你向前挥杆时，将胸部拉向杠铃，用背阔肌和二头肌开始动作。¶继续向上运动，直到胸部到达杠铃，然后向下推杠铃并伸展手臂，过渡到双臂屈伸姿势。¶弯曲手臂并控制下降，将自己放回到起始位置。¶重复所需的重复次数。
core	knee touch crunch	videos/3640-dTg95eZ.gif	images/3640-dTg95eZ.jpg	平躺，膝盖弯曲，双脚平放在地上。¶将双手放在脑后，肘部朝外。¶收紧腹肌，将肩胛骨抬离地面，并将右手伸向左膝盖。¶返回起始位置并重复，这次将左手伸向右膝盖。¶继续交替进行所需的重复次数。
back	kneeling lat stretch	videos/1346-f38OEuO.gif	images/1346-f38OEuO.jpg	跪在地上，膝盖分开与臀部同宽，脚趾向后。¶将双臂伸过头顶，手指交叉。¶保持背部挺直，慢慢向右侧倾斜，感受左侧背阔肌的拉伸。¶保持伸展动作 20-30 秒，然后回到起始位置。¶在左侧重复该拉伸动作，向左侧倾斜，感受右侧背阔肌的拉伸。¶继续交替进行所需的重复次数。
core	kneeling plank tap shoulder (male)	videos/3239-h1ezqSu.gif	images/3239-h1ezqSu.jpg	从跪姿开始，双手放在地上，与肩同宽。¶将双腿伸到身后，用脚趾支撑，将身体抬起成平板支撑姿势。¶保持核心参与并保持臀部稳定，将一只手抬离地面并拍打另一侧的肩膀。¶将手放回地面并用另一只手重复此操作。¶继续交替进行所需的重复次数。
chest	kneeling push-up (male)	videos/3211-ZOuKWir.gif	images/3211-ZOuKWir.jpg	首先跪在地上，双手与肩同宽，手指指向前方。¶将双腿伸到身后，放在脚掌上，使身体从头到脚跟形成一条直线。¶弯曲肘部，保持核心靠近身体两侧，将身体压向地面。¶继续降低，直到胸部刚好高于地面，然后伸直手臂，将其推回起始位置。¶重复所需的重复次数。
chest	korean dips	videos/3288-rWoBmi5.gif	images/3288-rWoBmi5.jpg	将自己定位在两个双杠之间，双臂伸展并支撑体重。¶弯曲肘部降低身体，直到上臂与地面平行。¶暂停片刻，然后伸直手臂，将自己推回起始位置。¶重复所需的重复次数。
back	l-pull-up	videos/3418-d1GgzTU.gif	images/3418-d1GgzTU.jpg	正手握住引体向上杆，握距略宽于肩宽。¶双臂完全伸展，身体伸直。¶收紧背阔肌和二头肌，将身体拉向杠铃杆，保持肘部靠近身体。¶继续拉，直到下巴位于杠铃上方。¶在顶部停顿片刻，然后慢慢将身体放回起始位置。¶重复所需的重复次数。
core	l-sit on floor	videos/3419-UpWmA5E.gif	images/3419-UpWmA5E.jpg	坐在地板上，双腿伸到身前。¶将双手放在臀部旁边的地板上，手指指向前方。¶启动你的核心并将双腿抬离地面，保持伸直。¶尝试使双腿与地面平行，与身体形成“L”形。¶尽可能长时间地保持这个姿势。¶慢慢地将双腿放回起始位置。¶重复所需的重复次数。
core	lean planche	videos/3300-LYJodFS.gif	images/3300-LYJodFS.jpg	从俯卧撑位置开始，双手分开与肩同宽，身体伸直。¶启动你的核心，慢慢地将你的重心向前移动，让你的肩膀越过你的手。¶向前倾时，保持肘部稍微弯曲，身体伸直。¶保持这个姿势几秒钟，然后慢慢回到起始位置。¶重复所需的重复次数。
shoulders	left hook. boxing	videos/2271-hoXt6wv.gif	images/2271-hoXt6wv.jpg	双脚分开与肩同宽站立，膝盖稍微弯曲。¶左手举起以保护脸部，右手握住下巴。¶旋转臀部并以左脚为轴心，同时以出拳动作向前伸展左臂。¶扭转你的躯干并调动你的核心肌肉以产生出拳的力量。¶将手臂拉回到起始位置，然后重复所需的重复次数。
core	leg pull in flat bench	videos/0570-OyoZ3Pu.gif	images/0570-OyoZ3Pu.jpg	坐在平坦的长凳上，双腿在身前伸直。¶将双手放在臀部旁边的长凳上以获得支撑。¶收紧腹肌，将双腿抬离地面，使膝盖靠近胸部。¶在顶部暂停片刻，然后慢慢将双腿放回起始位置。¶重复所需的重复次数。
legs	leg up hamstring stretch	videos/1576-sU5BrfP.gif	images/1576-sU5BrfP.jpg	平躺，双腿伸展。¶弯曲一侧膝盖，将其靠近胸部，握住大腿或小腿。¶尽可能伸直腿，同时保持腿抬高。¶保持拉伸 20-30 秒。¶换另一条腿重复上述步骤。
legs	low glute bridge on floor	videos/3013-u0cNiij.gif	images/3013-u0cNiij.jpg	平躺，膝盖弯曲，双脚平放在地上。¶将手臂放在身体两侧，手掌朝下。¶启动臀肌和核心肌群，然后将臀部抬离地面，直到身体从膝盖到肩膀形成一条直线。¶在顶部暂停片刻，挤压臀部。¶慢慢地将臀部放回起始位置。¶重复所需的重复次数。
back	lower back curl	videos/1352-ANbbry2.gif	images/1352-ANbbry2.jpg	平躺，双腿伸直，双臂放在身体两侧。¶收紧臀肌和腿筋，慢慢将上半身抬离地面，向上弯曲背部。¶在顶部停顿片刻，然后慢慢将上半身放回起始位置。¶重复所需的重复次数。
legs	lunge with jump	videos/3582-PM1PZjg.gif	images/3582-PM1PZjg.jpg	首先站立，双脚分开与肩同宽。¶右脚向前迈出一步，将身体降低至弓步位置。¶右脚蹬地，跳到空中，在空中改变脚的位置。¶左脚向前轻柔落地，并立即将身体降低至弓步位置。¶继续在弓步和跳跃之间交替进行所需的重复次数。
core	lunge with twist	videos/1688-K9VL0Jq.gif	images/1688-K9VL0Jq.jpg	首先站立，双脚分开与肩同宽。¶右脚向前迈出一步，将身体降低至弓步位置。¶当你弓步时，将你的躯干向右扭转，将你的左肘拉向你的右膝盖。¶暂停片刻，然后回到起始位置。¶在另一侧重复，左脚向前迈出，并将躯干向左扭转。¶继续交替进行所需的重复次数。
legs	lying (side) quads stretch	videos/0613-BWnJR72.gif	images/0613-BWnJR72.jpg	侧躺，双腿伸直。¶弯曲上面的那条腿，用手抓住脚踝或脚。¶轻轻地将脚踝或脚拉向臀部，直到感觉到股四头肌有拉伸感。¶保持拉伸 20-30 秒。¶松开拉伸并在另一侧重复。
core	lying elbow to knee	videos/2312-AQIhRjM.gif	images/2312-AQIhRjM.jpg	平躺，膝盖弯曲，双脚平放在地上。¶将双手放在脑后，肘部朝外。¶收紧腹肌，将上半身抬离地面，将右肘靠近左膝盖。¶同时，将右腿伸直并抬离地面。¶暂停片刻，然后回到起始位置。¶重复该动作，这次将左肘移向右膝盖并伸展左腿。¶继续交替进行所需的重复次数。
core	lying leg raise flat bench	videos/0620-WhuFnR7.gif	images/0620-WhuFnR7.jpg	平躺在平坦的长凳上，背部紧贴长凳。¶将双手放在臀部下方以获得支撑。¶保持双腿伸直并拢，然后将它们抬向天花板。¶在顶部暂停片刻，然后慢慢将双腿放回起始位置。¶重复所需的重复次数。
core	lying leg-hip raise	videos/0865-9IxJdtC.gif	images/0865-9IxJdtC.jpg	平躺，双腿伸展，双臂放在身体两侧。¶将双手放在臀部下方以获得支撑。¶启动你的核心并将双腿抬离地面，将它们抬向天花板。¶在顶部暂停片刻，然后慢慢将双腿放回起始位置。¶重复所需的重复次数。
legs	march sit (wall)	videos/0624-sVQCCeG.gif	images/0624-sVQCCeG.jpg	背靠墙站立，双脚分开与臀部同宽。¶慢慢地将背部滑下墙壁，直到膝盖弯曲成 90 度角。¶将右脚抬离地面，并将膝盖靠近胸部。¶将右脚放低，将左脚抬离地面，将膝盖靠近胸部。¶继续交替抬起右脚和左脚，达到所需的重复次数。
back	mixed grip chin-up	videos/0627-T8UpLkb.gif	images/0627-T8UpLkb.jpg	反握（手掌朝向自己）抓住引体向上杆，双手之间的距离略大于肩宽。¶悬挂在杠上，双臂完全伸展，双脚离开地面。¶调动背部肌肉，将身体拉向杠铃杆，以胸部为主导。¶继续拉，直到下巴位于杠铃上方。¶在顶部停顿片刻，然后有控制地慢慢将身体放回起始位置。¶重复所需的重复次数。
chest	modified hindu push-up (male)	videos/3217-epOSYUZ.gif	images/3217-epOSYUZ.jpg	从俯卧撑位置开始，双手分开略宽于肩宽，双脚分开与臀部同宽。¶将身体向地面降低，弯曲肘部并保持核心参与。¶当你降低身体时，将你的重心向后转移，并将臀部向上抬向天花板，与你的身体形成一个倒V形。¶继续降低身体，直到胸部刚好高于地面，然后反向运动，将臀部向下推，并伸展手臂回到起始位置。¶重复所需的重复次数。
arms	modified push up to lower arms	videos/1421-arvaszz.gif	images/1421-arvaszz.jpg	从俯卧撑位置开始，双手直接放在肩膀下方，身体呈一条直线。¶弯曲肘部，使肘部靠近身体两侧，将身体降低到地面。¶一旦肘部成 90 度角，将前臂放低至地面，将肘部保持在肩膀正下方。¶暂停片刻，然后用手掌推动前臂，使其回到起始位置。¶重复所需的重复次数。
legs	monster walk	videos/0628-O95afRA.gif	images/0628-O95afRA.jpg	在脚踝周围放置一根阻力带。¶双脚分开与肩同宽站立，稍微弯曲膝盖。¶右脚向一侧迈出一步，保持阻力带的张力。¶左脚跟随，向一侧迈步以返回起始位置。¶重复所需的重复次数，然后换边。
cardio	mountain climber	videos/0630-RJgzwny.gif	images/0630-RJgzwny.jpg	从高平板支撑位置开始，双手直接放在肩膀下方，身体呈一条直线。¶启动你的核心并将你的右膝盖靠近你的胸部，然后快速切换并将你的左膝盖靠近你的胸部。¶继续以跑步动作交替双腿，保持臀部较低，核心肌群参与。¶在整个练习过程中保持稳定的节奏和均匀的呼吸。¶重复所需的重复次数。
back	muscle up	videos/0631-yJUHKTn.gif	images/0631-yJUHKTn.jpg	首先悬挂在引体向上杆上，手掌背向自己，手臂完全伸展。¶启动核心肌群，将身体拉向杠铃杆，以胸部为主导。¶当你到达动作的最高点时，改变你的握力，使你的手掌朝向你。¶继续将自己向上拉，直到胸部位于杠铃上方并且手臂完全弯曲。¶通过慢慢降低自己回到起始位置来反转动作。¶重复所需的重复次数。
back	muscle-up (on vertical bar)	videos/1401-Af0EW2I.gif	images/1401-Af0EW2I.jpg	首先悬挂在垂直杆上，手掌背对自己，手臂完全伸展。¶启动核心肌群，将身体拉向杠铃杆，以胸部为主导。¶当你站起来时，稍微向后倾斜，并将肘部移向身体两侧。¶继续拉，直到胸部到达杠铃并且肘部完全弯曲。¶在最高点暂停片刻，然后慢慢降低回到起始位置。¶重复所需的重复次数。
shoulders	neck side stretch	videos/1403-x2chWLO.gif	images/1403-x2chWLO.jpg	站直或坐直，肩膀放松。¶将头向一侧倾斜，将耳朵靠近肩膀。¶保持拉伸 15-30 秒。¶在另一侧重复。¶每侧进行 2-4 组。
core	negative crunch	videos/0634-szIn2UK.gif	images/0634-szIn2UK.jpg	平躺，膝盖弯曲，双脚平放在地上。¶将双手放在脑后，肘部朝外。¶收紧腹肌，慢慢将上半身抬离地面，向前卷曲，直到躯干呈 45 度角。¶在顶部停顿片刻，然后慢慢将上半身放回起始位置。¶重复所需的重复次数。
core	oblique crunch v. 2	videos/1495-cJgSTmh.gif	images/1495-cJgSTmh.jpg	仰卧，膝盖弯曲，双脚平放在地上。¶将双手放在脑后或交叉放在胸前。¶收紧腹肌，将肩胛骨抬离地面，将躯干旋转到一侧。¶暂停片刻，然后将肩胛骨放回起始位置。¶在另一侧重复。¶继续交替进行所需的重复次数。
core	oblique crunches floor	videos/0635-QUDd8WS.gif	images/0635-QUDd8WS.jpg	仰卧，膝盖弯曲，双脚平放在地板上。¶将双手放在脑后或交叉放在胸前。¶收紧腹肌，将肩胛骨抬离地面，将躯干旋转到一侧。¶暂停片刻，然后将肩胛骨放回到地板上。¶在另一侧重复，每次重复时交替进行。
back	one arm against wall	videos/1355-ZZTGMKh.gif	images/1355-ZZTGMKh.jpg	面向墙壁站立，双脚分开与肩同宽。¶将一只手臂伸直到身前，将手掌靠在墙上。¶启动你的核心，身体向前倾斜，保持手臂伸直，背部平坦。¶用手掌慢慢推向墙壁，激活背阔肌。¶保持该姿势几秒钟，然后松开并用另一只手臂重复该动作。
back	one arm chin-up	videos/0638-HjdqmZa.gif	images/0638-HjdqmZa.jpg	面向引体向上杆站立，双脚分开与肩同宽。¶抬起手，用反握方式抓住杠铃，一只手握住杠铃，另一只手握住手腕以提供支撑。¶悬挂在杠上，手臂完全伸展，保持身体伸直，核心肌群参与。¶弯曲肘部并挤压背部肌肉，将自己拉向杠铃。¶继续拉，直到下巴高于杠铃，然后慢慢降低回到起始位置。¶重复所需的重复次数，然后换臂重复。
arms	one arm dip	videos/0639-FAoIFMw.gif	images/0639-FAoIFMw.jpg	背对长凳或椅子站立，双脚分开与肩同宽。¶将一只手放在身后的长凳或椅子上，手指指向您的身体。¶将双腿向前方伸展，脚跟保持在地面上。¶弯曲肘部，将身体放低至地面，使背部靠近长凳或椅子。¶在底部停顿片刻，然后用手掌推直手臂，回到起始位置。¶重复所需的重复次数，然后换边并用另一只手臂重复。
back	one arm towel row	videos/1773-bKWbrTA.gif	images/1773-bKWbrTA.jpg	双脚分开与肩同宽站立，膝盖微曲，单手握住毛巾。¶腰部向前弯曲，保持背部挺直，核心肌群参与。¶完全伸展手臂，让毛巾挂在您面前。¶将毛巾拉向胸部，将肩胛骨挤压在一起。¶在顶部停顿片刻，然后慢慢将毛巾放回起始位置。¶重复所需的重复次数，然后换臂。
legs	one leg donkey calf raise	videos/1386-A2upspL.gif	images/1386-A2upspL.jpg	双脚分开与肩同宽站立，脚趾指向前方。¶将双手放在稳定的表面上以获得支撑，例如墙壁或酒吧。¶将一条腿抬离地面，保持膝盖稍微弯曲。¶使用小腿肌肉，尽可能高地抬高脚跟。¶在顶部停顿片刻，然后慢慢降低脚跟。¶重复所需的重复次数，然后换腿。
legs	one leg floor calf raise	videos/1387-0jp9Rlz.gif	images/1387-0jp9Rlz.jpg	双脚分开与臀部同宽站立，双手放在墙壁或坚固的物体上以保持平衡。¶将一只脚抬离地面并用另一只脚保持平衡。¶慢慢地将脚跟抬离地面，将身体抬起到脚掌上。¶在顶部暂停片刻，然后慢慢将脚跟放回起始位置。¶重复所需的重复次数，然后换腿并重复。
legs	one leg squat	videos/1476-C31LMnP.gif	images/1476-C31LMnP.jpg	双脚分开与肩同宽站立。¶向前伸出一条腿，使其离开地面。¶弯曲站立的腿并降低身体，就像坐回椅子上一样。¶保持挺胸、背部挺直。¶推动脚后跟返回到起始位置。¶换另一条腿重复上述步骤。
legs	outside leg kick push-up	videos/0642-jNU1gFQ.gif	images/0642-jNU1gFQ.jpg	从俯卧撑位置开始，双手分开略宽于肩宽，双脚并拢。¶弯曲肘部，将身体降低到地面，保持背部挺直，核心参与。¶当你向后推时，将一条腿踢向一侧，完全伸展并启动臀部。¶将腿恢复到起始位置并重复俯卧撑，每次重复时交替腿。¶继续交替踢腿和俯卧撑，达到所需的重复次数。
arms	overhead triceps stretch	videos/0643-Z5YStHW.gif	images/0643-Z5YStHW.jpg	站立或坐直，双脚分开与肩同宽。¶将一只手臂伸过头顶，弯曲肘部，使手伸向对面的肩胛骨。¶用另一只手轻轻地将伸出的手臂的肘部拉向头部的另一侧，感受三头肌的拉伸。¶保持拉伸 15-30 秒，然后放松。¶在另一侧重复。
core	pelvic tilt	videos/3147-NKJ8o6x.gif	images/3147-NKJ8o6x.jpg	平躺，膝盖弯曲，双脚平放在地上。¶将双手放在身体两侧。¶收紧腹肌，向上倾斜骨盆，将下背部压入地面。¶保持这个姿势几秒钟，专注于收缩腹肌。¶释放倾斜并返回到起始位置。¶重复所需的重复次数。
legs	pelvic tilt into bridge	videos/1422-D9qe7CM.gif	images/1422-D9qe7CM.jpg	仰卧，膝盖弯曲，双脚平放在地上。¶将手臂放在身体两侧，手掌朝下。¶调动你的臀肌和核心肌肉。¶向上倾斜骨盆，将臀部抬离地面。¶保持桥位置几秒钟。¶慢慢地将臀部放回起始位置。¶重复所需的重复次数。
legs	pike-to-cobra push-up	videos/3662-XPUDTt7.gif	images/3662-XPUDTt7.jpg	从俯卧撑位置开始，双手分开略宽于肩宽，双脚并拢。¶收紧核心肌群，将臀部抬向天花板，与身体形成倒V字形。¶弯曲肘部，使上半身靠近地面，使上半身靠近地面。¶当你下降时，将你的重心向前移动，并通过伸直手臂并抬起胸部来过渡到眼镜蛇姿势。¶通过弯曲肘部并将胸部放回到地面来扭转运动。¶双手用力推回到倒V字形。¶通过将臀部放回地面继续运动，回到起始俯卧撑位置。¶重复所需的重复次数。
chest	plyo push up	videos/1306-Snj1wSv.gif	images/1306-Snj1wSv.jpg	从高平板支撑位置开始，双手分开略宽于肩宽。¶弯曲肘部，将胸部压向地面，保持身体呈一条直线。¶爆发性地推离地面，利用胸部肌肉将上半身推离地面。¶双手回到起始位置，轻轻落地。¶重复所需的重复次数。
core	posterior step to overhead reach	videos/1687-ErqK3UL.gif	images/1687-ErqK3UL.jpg	站立，双脚分开与臀部同宽，双臂放在身体两侧。¶右脚向后退一步，用脚掌着地。¶弯曲左膝并将身体降低至弓步位置。¶当你降低弓步时，同时将手臂举过头顶。¶在弓步底部暂停片刻，然后通过推动左脚跟并将右脚向前拉回到起始位置。¶在另一侧重复该动作，左脚向后退一步并弯曲右膝盖。¶继续交替进行所需的重复次数。
core	potty squat	videos/3119-75Bgtjy.gif	images/3119-75Bgtjy.jpg	双脚分开与肩同宽站立，脚趾稍微向外。¶弯曲膝盖并将臀部向后推，降低身体，就像坐在椅子上一样。¶在整个动作过程中保持挺胸、背部挺直。¶降低自己，直到大腿与地面平行或尽可能低。¶在底部停顿片刻，然后推动脚后跟回到起始位置。¶重复所需的重复次数。
legs	potty squat with support	videos/3132-b63ZzGe.gif	images/3132-b63ZzGe.jpg	双脚分开与肩同宽站立，脚趾稍微向外。¶抓住稳定的支撑物，例如椅子或墙壁，以保持平衡。¶弯曲膝盖并将臀部向后推，将身体降低至蹲姿。¶在整个动作过程中保持挺胸、背部挺直。¶在底部停顿片刻，然后推动脚后跟回到起始位置。¶重复所需的重复次数。
core	power point plank	videos/3665-hCjGsRQ.gif	images/3665-hCjGsRQ.jpg	从高平板支撑位置开始，双手直接放在肩膀下方，身体从头到脚成一条直线。¶启动你的核心并挤压你的臀肌以保持稳定的位置。¶将身体放低到前臂上，一次一只手臂，从头到脚保持一条直线。¶保持这个姿势所需的时间，保持核心肌群和臀肌的参与。¶要返回到起始位置，请推动前臂并将身体抬回到高位平板支撑位置。¶重复所需的重复次数。
core	prisoner half sit-up (male)	videos/3203-mgejmGP.gif	images/3203-mgejmGP.jpg	平躺，膝盖弯曲，双脚平放在地上。¶将双手放在脑后，肘部朝外。¶收紧腹肌，慢慢将上半身抬离地面，向前卷曲，直到躯干呈 45 度角。¶在顶部停顿片刻，然后慢慢将上半身放回起始位置。¶重复所需的重复次数。
back	pull up (neutral grip)	videos/0651-0V2YQjW.gif	images/0651-0V2YQjW.jpg	用中立握法（手掌相对）悬挂在引体向上杆上，双臂完全伸展。¶启动你的核心并将肩胛骨挤压在一起。¶弯曲肘部并将肘部向下推向臀部，将身体向上拉向杠铃。¶继续拉，直到下巴位于杠铃上方。¶在顶部停顿片刻，然后有控制地慢慢将身体放回起始位置。¶重复所需的重复次数。
back	pull-up	videos/0652-lBDjFxJ.gif	images/0652-lBDjFxJ.jpg	悬挂在引体向上杆上，手掌背向自己，手臂完全伸展。¶启动你的核心并将肩胛骨挤压在一起。¶弯曲肘部并将胸部拉向杠铃杆，将身体向上拉向杠铃杆。¶在动作的最高点暂停，然后慢慢降低身体回到起始位置。¶重复所需的重复次数。
chest	push and pull bodyweight	videos/1689-wXvUZC8.gif	images/1689-wXvUZC8.jpg	从俯卧撑位置开始，双手分开略宽于肩宽，身体呈一条直线。¶弯曲肘部，将胸部压向地面，保持身体伸直。¶推动手掌以伸展手臂并返回到起始位置。¶从俯卧撑位置开始，弯曲肘部，将胸部拉向地面，保持身体伸直。¶推动手掌以伸展手臂并返回到起始位置。¶重复所需的重复次数。
cardio	push to run	videos/3638-PrQbjvB.gif	images/3638-PrQbjvB.jpg	从俯卧撑位置开始，双手分开与肩同宽，身体呈一条直线。¶弯曲肘部，将胸部压向地面，保持身体伸直。¶用手推动以伸展手臂并返回到起始位置。¶快速将一个膝盖靠近胸部，然后快速切换并将另一只膝盖靠近胸部。¶继续尽可能快地交替膝盖，同时保持良好的姿势。¶继续所需的持续时间或重复次数。
chest	push-up	videos/0662-I4hDWkc.gif	images/0662-I4hDWkc.jpg	从高位平板支撑开始，双手分开略宽于肩宽，双脚并拢。¶弯曲肘部，调动核心力量，将身体压向地面，保持身体呈一条直线。¶当你的胸部刚好高于地面时，暂停片刻，然后伸直手臂，将自己推回起始位置。¶重复所需的重复次数。
chest	push-up (wall)	videos/0659-LEH9jxP.gif	images/0659-LEH9jxP.jpg	面向墙壁站立，距离大约一臂距离。¶将双手放在墙上，与肩同高，距离略宽于肩宽。¶后退几英尺，保持身体挺直，双脚分开与臀部同宽。¶弯曲肘部，将胸部向墙壁降低，保持身体呈一条直线。¶推回起始位置，伸直手臂。¶重复所需的重复次数。
chest	push-up (wall) v. 2	videos/0658-NCmbLCw.gif	images/0658-NCmbLCw.jpg	面向墙壁站立，距离大约一臂距离。¶将双手放在墙上，与肩同高，距离略宽于肩宽。¶双脚向后退一步，保持与臀部同宽。¶收紧核心肌群，保持身体从头到脚跟呈一条直线。¶弯曲肘部，将胸部向墙壁降低，保持身体挺直。¶暂停片刻，然后将自己推回到起始位置。¶重复所需的重复次数。
legs	push-up inside leg kick	videos/0661-0br45wL.gif	images/0661-0br45wL.jpg	从俯卧撑位置开始，双手分开略宽于肩宽，双脚并拢。¶弯曲肘部，将身体降低到地面，保持背部挺直，核心肌群参与。¶当你向后推时，将一条腿抬离地面并将其踢向一侧，保持伸直。¶将腿放下并重复俯卧撑，然后换另一条腿。¶每次重复俯卧撑时继续交替踢腿。
arms	push-up on lower arms	videos/1467-4Jt8QsQ.gif	images/1467-4Jt8QsQ.jpg	从平板支撑位置开始，前臂放在地面上，肘部位于肩膀正下方。¶调动你的核心力量，让你的身体从头到脚保持在一条直线上。¶弯曲肘部，使胸部靠近地面，使胸部靠近地面。¶在底部暂停片刻，然后将自己推回到起始位置。¶重复所需的重复次数。
chest	push-up plus	videos/3145-pvBMLHA.gif	images/3145-pvBMLHA.jpg	从高位平板支撑开始，双手分开略宽于肩宽，身体从头到脚跟呈一条直线。¶弯曲肘部，使肘部靠近身体两侧，将身体降低到地面。¶一旦你的胸部刚好高于地面，用力推动你的手臂，伸展你的手臂并抬起你的上半身。¶在动作的最高点，将上背部推向天花板，从而伸展肩胛骨。¶暂停片刻，然后通过缩回肩胛骨并将身体放回起始位置来反转动作。¶重复所需的重复次数。
core	push-up to side plank	videos/0664-KhHJ338.gif	images/0664-KhHJ338.jpg	从俯卧撑位置开始，双手分开与肩同宽，身体呈一条直线。¶弯曲肘部，将身体降低到地面，保持核心参与。¶推回到起始位置。¶将体重转移到左手上，然后将身体向右旋转，将右臂举向天花板。¶保持侧板姿势几秒钟，然后返回到起始位置。¶在另一侧重复俯卧撑和侧板支撑。¶继续交替进行所需的重复次数。
legs	quads	videos/3533-6YUfHPL.gif	images/3533-6YUfHPL.jpg	双脚分开与肩同宽站立。¶弯曲膝盖并将臀部向后推，降低身体，就像坐在椅子上一样。¶保持挺胸、背部挺直。¶降低身体直到大腿与地面平行。¶推动脚后跟回到起始位置。¶重复所需的重复次数。
core	quarter sit-up	videos/3201-enxnJcM.gif	images/3201-enxnJcM.jpg	平躺，膝盖弯曲，双脚平放在地上。¶将双手放在脑后，肘部朝外。¶收紧腹肌，慢慢将上半身抬离地面，向前卷曲，直到躯干呈 45 度角。¶在顶部停顿片刻，然后慢慢将上半身放回起始位置。¶重复所需的重复次数。
legs	quick feet v. 2	videos/3552-mweqJin.gif	images/3552-mweqJin.jpg	双脚分开与肩同宽站立，双臂放在身体两侧。¶首先快速上下移动双脚，就像原地跑步一样。¶保持动作快速而轻盈，重点放在脚掌上。¶继续所需的持续时间或重复次数。
chest	raise single arm push-up	videos/0666-13TpY4H.gif	images/0666-13TpY4H.jpg	从俯卧撑位置开始，双手分开略宽于肩宽，双脚并拢。¶将一只手臂伸直至一侧，与地面平行。¶弯曲肘部，将身体降低到地面，保持背部挺直，核心参与。¶推回起始位置，使用胸部肌肉抬起身体。¶另一只手臂伸出，重复上述动作。
legs	rear decline bridge	videos/0668-UpAlold.gif	images/0668-UpAlold.jpg	仰卧，双脚平放在地上，膝盖弯曲。¶将手臂放在身体两侧，手掌朝下。¶收紧臀肌和腿筋，将臀部抬离地面，直到身体从膝盖到肩膀形成一条直线。¶保持这个姿势几秒钟，然后慢慢地将臀部放回起始位置。¶重复所需的重复次数。
shoulders	rear deltoid stretch	videos/0669-xifhB5W.gif	images/0669-xifhB5W.jpg	站直，双脚分开与肩同宽。¶将右臂伸过胸部，将左手放在右肘上。¶轻轻地将右臂拉向左肩，感受右肩的拉伸。¶保持拉伸 15-30 秒，然后放松。¶在另一侧重复。
back	rear pull-up	videos/0670-CbFSYC1.gif	images/0670-CbFSYC1.jpg	正手握住引体向上杆，握距略宽于肩宽。¶悬挂在杠上，双臂完全伸展，身体伸直。¶收紧背部肌肉，将身体拉向杠铃杆，保持肘部靠近身体。¶继续拉，直到下巴位于杠铃上方。¶在顶部停顿片刻，然后慢慢将身体放回起始位置。¶重复所需的重复次数。
core	reverse crunch	videos/0872-nCU1Ekp.gif	images/0872-nCU1Ekp.jpg	平躺，双臂沿着身体两侧伸展。¶弯曲膝盖，将脚抬离地面，使大腿垂直于地板。¶收缩腹肌，将臀部卷离地板，使膝盖靠近胸部。¶在顶部暂停片刻，然后慢慢将臀部放回起始位置。¶重复所需的重复次数。
arms	reverse dip	videos/0672-NZ5Qqkz.gif	images/0672-NZ5Qqkz.jpg	将自己定位在两个双杠之间，双臂完全伸展，身体伸直。¶弯曲肘部降低身体，直到上臂与地面平行。¶暂停片刻，然后伸直手臂，将自己推回起始位置。¶重复所需的重复次数。
back	reverse grip pull-up	videos/0674-YAk5dIw.gif	images/0674-YAk5dIw.jpg	双手分开与肩同宽，反握抓住引体向上杆。¶悬挂在杠上，双臂完全伸展，身体伸直。¶调动背部肌肉，将身体拉向杠铃杆，以胸部为主导。¶继续拉，直到下巴位于杠铃上方。¶在顶部停顿片刻，然后慢慢将身体放回起始位置。¶重复所需的重复次数。
legs	reverse hyper on flat bench	videos/1423-OrETs32.gif	images/1423-OrETs32.jpg	脸朝下躺在平坦的长凳上，臀部位于边缘，双腿悬在长凳上。¶抓住长凳以保持稳定。¶保持双腿伸直，尽可能将它们抬向天花板。¶在动作的最高点挤压臀部。¶慢慢地将双腿放回起始位置。¶重复所需的重复次数。
core	reverse plank with leg lift	videos/3663-tFToB7l.gif	images/3663-tFToB7l.jpg	坐在地上，双腿向前伸展，双手放在身后的地面上，手指指向脚部。¶双手用力，将臀部抬离地面，进入反向平板支撑位置。¶启动你的核心并将一条腿抬离地面，将其笔直向上伸向天花板。¶保持一会儿，然后将腿放下。¶换另一条腿重复上述步骤。¶继续交替双腿达到所需的重复次数。
arms	ring dips	videos/0677-ezTvXcr.gif	images/0677-ezTvXcr.jpg	首先，将手臂完全伸展，身体伸直，挂在吊环上。¶弯曲肘部，降低身体，直到肩膀低于肘部。¶伸直手臂，将自己推回起始位置。¶重复所需的重复次数。
legs	rocking frog stretch	videos/2571-2Dk4xQV.gif	images/2571-2Dk4xQV.jpg	首先跪在地上，膝盖分开与臀部同宽。¶将双手放在身前的地面上以获得支撑。¶慢慢向前倾，将重心转移到双手上，并将双腿伸到身后。¶当你将臀部向后推向天花板时，保持背部挺直并收紧臀部。¶保持这个姿势几秒钟，感受臀部的拉伸。¶弯曲膝盖并降低臀部，慢慢回到起始位置。¶重复所需的重复次数。
back	rocky pull-up pulldown	videos/0678-cQ19bBP.gif	images/0678-cQ19bBP.jpg	站在引体向上杆前，双脚分开与肩同宽。¶向上伸手，正手握住杠铃，握距略宽于肩宽。¶悬挂在杠上，双臂完全伸展，身体伸直。¶调动背部肌肉，将身体拉向杠铃杆，以胸部为主导。¶在顶部停顿片刻，然后慢慢将身体放回起始位置。¶重复所需的重复次数。
cardio	run	videos/0685-oLrKqDH.gif	images/0685-oLrKqDH.jpg	首先站直，双脚分开与臀部同宽。¶启动你的核心并保持上半身放松。¶开始原地慢跑，将膝盖抬向胸部，然后轻轻落在脚掌上。¶保持稳定的步伐并继续慢跑所需的时间或距离。¶记住在整个练习过程中深呼吸并保持良好的姿势。
cardio	run (equipment)	videos/0684-y5p0H8a.gif	images/0684-y5p0H8a.jpg	首先站直，双脚分开与臀部同宽。¶启动你的核心并保持上半身放松。¶开始原地慢跑，将膝盖抬向胸部，然后轻轻落在脚掌上。¶保持稳定的步伐并继续慢跑所需的时间或距离。¶记住在整个练习过程中深呼吸并保持良好的姿势。
legs	runners stretch	videos/1585-0mB6wHO.gif	images/1585-0mB6wHO.jpg	双脚分开与臀部同宽站立。¶右脚向前迈出一步，保持左脚踩地。¶弯曲右膝，降低身体，保持左腿伸直。¶将双手放在右大腿上以获得支撑。¶保持拉伸 20-30 秒，然后换边重复。
core	russian twist	videos/0687-XVDdcoj.gif	images/0687-XVDdcoj.jpg	坐在地上，膝盖弯曲，双脚平放在地板上。¶稍微向后倾斜，同时保持背部挺直并且核心参与。¶如果需要，双手合拢放在胸前或举重物。¶将脚抬离地面，在坐骨上保持平衡。¶将你的躯干向右扭转，将你的手或重量移向身体的右侧。¶暂停片刻，然后将躯干向左扭转，将手或体重移向身体的左侧。¶继续交替进行所需的重复次数。
back	scapula dips	videos/3012-7xeukSt.gif	images/3012-7xeukSt.jpg	首先站立，双脚分开与肩同宽，双臂在身前伸展。¶稍微弯曲膝盖，髋部向前转动，保持背部挺直。¶弯曲肘部并缩回肩胛骨来降低身体，就像你试图在它们之间挤一支铅笔一样。¶在底部停顿片刻，然后双手用力，伸展肘部，回到起始位置。¶重复所需的重复次数。
chest	scapula push-up	videos/3021-jV65tKx.gif	images/3021-jV65tKx.jpg	从高平板支撑位置开始，双手直接放在肩膀下方，身体呈一条直线。¶将胸部压向地面，保持肘部靠近身体。¶当你下降时，将肩胛骨挤压在一起并将胸部向前推。¶在底部停顿片刻，然后推回到起始位置。¶重复所需的重复次数。
back	scapular pull-up	videos/0688-uTBt1HV.gif	images/0688-uTBt1HV.jpg	首先悬挂在引体向上杆上，手掌背向自己，手臂完全伸展。¶通过向下拉和向后拉动肩胛骨来缩回肩胛骨。¶启动背部肌肉，将身体拉向杠铃杆，重点是将肩胛骨挤压在一起。¶在动作的最高点停顿片刻，然后慢慢降低身体回到起始位置。¶重复所需的重复次数。
cardio	scissor jumps (male)	videos/3219-Eh2v5Iu.gif	images/3219-Eh2v5Iu.jpg	双脚分开与肩同宽站立。¶跳离地面，同时将右腿交叉到左腿前面。¶落地时，快速换腿，将左腿交叉在右腿前面。¶继续交替双腿并尽可能快地跳跃。¶重复所需的重复次数。
legs	seated calf stretch (male)	videos/1390-17bqEXD.gif	images/1390-17bqEXD.jpg	坐在椅子或长凳的边缘，双脚平放在地面上。¶将一只腿伸直在身前，脚跟保持在地面上。¶稍微向前倾，感受小腿肌肉的拉伸。¶保持拉伸 20-30 秒。¶换腿并重复拉伸。
legs	seated glute stretch	videos/1424-DeDThfG.gif	images/1424-DeDThfG.jpg	坐在地上，双腿在身前伸展。¶弯曲右膝，将右脚踝交叉在左大腿上。¶将右手放在身后的地面上以获得支撑。¶用左手轻轻按下右膝盖以加深伸展。¶保持拉伸 30 秒到 1 分钟。¶换边并重复。
core	seated leg raise	videos/0689-Hgs6Nl1.gif	images/0689-Hgs6Nl1.jpg	坐在平坦的长凳上，背部挺直，双脚平放在地面上。¶将双手放在长凳两侧以获得支撑。¶保持双腿伸直，慢慢将它们抬起到您面前，直到它们与地面平行。¶在顶部暂停片刻，然后慢慢将双腿放回起始位置。¶重复所需的重复次数。
back	seated lower back stretch	videos/0690-QFmz6ch.gif	images/0690-QFmz6ch.jpg	坐在椅子边缘，双脚平放在地面上。¶将双手放在大腿上或椅子两侧以获得支撑。¶从臀部开始慢慢向前倾斜，保持背部挺直。¶感受下背部的拉伸并保持 20-30 秒。¶慢慢回到起始位置并重复所需的重复次数。
legs	seated piriformis stretch	videos/2567-QY39eBr.gif	images/2567-QY39eBr.jpg	坐在地上，双腿在身前伸展。¶弯曲右膝，将右脚放在左膝外侧。¶将左肘放在右膝外侧，轻轻地将躯干向右扭转。¶保持拉伸 20-30 秒，然后换边重复。
core	seated side crunch (wall)	videos/0691-Y9hNPcN.gif	images/0691-Y9hNPcN.jpg	坐在地板上，背靠墙，双腿在身前伸展。¶弯曲膝盖，将双脚平放在地板上，与臀部同宽。¶将双手放在脑后，肘部朝外。¶收紧腹肌并向一侧倾斜，将肘部靠近臀部。¶暂停片刻，然后回到起始位置。¶在另一侧重复。¶继续交替进行所需的重复次数。
legs	seated wide angle pose sequence	videos/1587-HIgYKAB.gif	images/1587-HIgYKAB.jpg	坐在地上，双腿大角度伸展。¶弯曲你的脚并锻炼你的股四头肌。¶将双手放在身后的地面上以获得支撑。¶保持背部挺直，从臀部向前倾。¶继续向前倾斜，直到感觉到腿筋被拉伸。¶保持这个姿势几个呼吸。¶慢慢释放拉伸并返回到起始位置。¶重复所需的重复次数。
legs	self assisted inverse leg curl	videos/0697-GwYwElT.gif	images/0697-GwYwElT.jpg	平躺在垫子或长凳上，双腿伸展。¶将双手放在身体两侧或臀部下方以获得支撑。¶弯曲膝盖，将脚抬离地面，将大腿靠近胸部。¶在顶部暂停片刻，然后慢慢将双腿放回起始位置。¶重复所需的重复次数。
legs	self assisted inverse leg curl	videos/1766-ZSY3MsL.gif	images/1766-ZSY3MsL.jpg	面朝下躺在腿弯举机上，双腿伸展，脚踝钩在带衬垫的杠杆下。¶将双手放在机器的侧手柄上以获得支撑。¶保持上半身静止，呼气并尽可能向上弯曲双腿。¶挤压腿筋时，保持收缩位置短暂停顿。¶吸气时慢慢将双腿放回起始位置。¶重复所需的重复次数。
legs	self assisted inverse leg curl (on floor)	videos/0696-E4PwJqI.gif	images/0696-E4PwJqI.jpg	平躺，双腿伸展，双臂放在身体两侧。¶弯曲膝盖，将双脚平放在地面上，距离与臀部同宽。¶将臀部抬离地面，锻炼臀肌和腿筋。¶慢慢地将双腿向臀部弯曲，保持臀部抬起。¶在顶部停顿片刻，然后慢慢将双腿伸展回起始位置。¶将臀部放回地面。¶重复所需的重复次数。
cardio	semi squat jump (male)	videos/3222-6FMU51h.gif	images/3222-6FMU51h.jpg	双脚分开与肩同宽站立。¶弯曲膝盖并将身体降低至蹲姿。¶爆发性跳跃，伸展臀部和膝盖，同时摆动手臂以获得动力。¶脚掌轻轻落地，然后立即进入下一个重复动作。¶重复所需的重复次数。
cardio	short stride run	videos/3656-CcWEoWV.gif	images/3656-CcWEoWV.jpg	找一个空地或跑步机来进行锻炼。¶站直，双脚分开与臀部同宽。¶开始原地慢跑，抬起膝盖并挥动手臂。¶几秒钟后，开始小步前进，保持快速的步伐。¶继续小步跑所需的时间或距离。
back	shoulder grip pull-up	videos/1763-YtgD7Xq.gif	images/1763-YtgD7Xq.jpg	握距与肩同宽，抓住引体向上杆，手掌背向自己。¶双臂完全伸展，自由悬挂。¶启动背部肌肉，将身体向上拉向杠铃，直到下巴位于杠铃上方。¶在顶部停顿片刻，然后慢慢将身体放回起始位置。¶重复所需的重复次数。
core	shoulder tap	videos/3699-yRpV5TC.gif	images/3699-yRpV5TC.jpg	从高平板支撑位置开始，双手直接放在肩膀下方，身体呈一条直线。¶启动你的核心并将右手抬离地面，伸手拍打你的左肩。¶将右手放回地面，然后用左手轻拍右肩，重复此操作。¶继续交替轻拍肩膀，同时保持臀部和躯干稳定。¶重复所需的重复次数。
chest	shoulder tap push-up	videos/0699-qEse6fe.gif	images/0699-qEse6fe.jpg	从高位平板支撑开始，双手分开略宽于肩宽，身体从头到脚跟呈一条直线。¶弯曲肘部，使肘部靠近身体两侧，将身体降低到地面。¶当你向后推时，将右手抬离地面并轻拍左肩。¶将右手放回地面并重复俯卧撑，这次抬起左手并拍打右肩。¶每次重复俯卧撑时，继续交替拍肩。¶在整个练习过程中保持核心稳定并避免臀部过度旋转。¶重复所需的重复次数。
legs	side bridge hip abduction	videos/1774-WL4EmxJ.gif	images/1774-WL4EmxJ.jpg	侧躺，双腿伸展并叠放在一起。¶用前臂支撑自己，将肘部保持在肩膀正下方。¶启动你的核心并将臀部抬离地面，从头到脚形成一条直线。¶在保持核心肌群参与的同时，尽可能高地抬起上面的那条腿，但不要旋转臀部。¶在顶部停顿片刻，然后将腿放下。¶重复所需的重复次数，然后换边。
core	side bridge v. 2	videos/0705-RKjH6Lt.gif	images/0705-RKjH6Lt.jpg	侧躺，双腿伸展并叠放在一起。¶将前臂放在肩膀正下方的地面上，肘部弯曲成 90 度角。¶启动你的核心并将臀部抬离地面，从头到脚形成一条直线。¶保持此位置所需的时间。¶将臀部放低至起始位置。¶在另一侧重复。
core	side hip (on parallel bars)	videos/0709-jTkSc6o.gif	images/0709-jTkSc6o.jpg	站在两根平行杠之间，双脚分开与肩同宽。¶将双手放在横杆上，将身体抬离地面，用手臂支撑体重。¶收紧腹肌，慢慢将双腿向一侧抬起，保持伸直。¶在顶部暂停片刻，然后慢慢将双腿放回起始位置。¶重复所需的重复次数。
legs	side hip abduction	videos/0710-7WaDzyL.gif	images/0710-7WaDzyL.jpg	双脚分开与肩同宽站立，双手放在臀部。¶将重心转移到一条腿上，并将另一条腿向一侧抬起，保持伸直。¶在顶部暂停片刻，然后慢慢将腿放回起始位置。¶在另一侧重复。¶继续交替进行所需的重复次数。
back	side lying floor stretch	videos/1358-jDOKRM5.gif	images/1358-jDOKRM5.jpg	侧躺，双腿伸直，下臂伸直过头顶。¶弯曲上面的膝盖，将脚放在下面的腿前面的地面上。¶将上臂伸过头顶，抓住稳定的东西，例如墙壁或一件家具。¶慢慢地将下面的腿抬离地面，保持伸直，直到感觉到身体一侧有拉伸感。¶保持拉伸 20-30 秒，然后慢慢将腿放下。¶在另一侧重复。
legs	side lying hip adduction (male)	videos/3667-c8f5cSY.gif	images/3667-c8f5cSY.jpg	侧躺，双腿伸直并叠放在一起。¶将下臂放在头下方以获得支撑。¶启动内收肌并尽可能高地抬起上面的腿，但不要旋转臀部或向后倾斜。¶在顶部暂停片刻，然后慢慢将腿放回起始位置。¶重复所需的重复次数，然后换边。
legs	side plank hip adduction	videos/1775-VO2qeJg.gif	images/1775-VO2qeJg.jpg	首先侧躺，双腿伸展并叠放在一起。¶用前臂支撑自己，将肘部保持在肩膀正下方。¶启动你的核心并将臀部抬离地面，从头到脚形成一条直线。¶在保持侧平板支撑位置的同时，将上面的腿抬向天花板，保持笔直。¶慢慢地将腿放回起始位置。¶重复所需的重复次数，然后换边。
shoulders	side push neck stretch	videos/0716-oQRJYkC.gif	images/0716-oQRJYkC.jpg	站直或坐直，肩膀放松。¶将头向右倾斜，将右耳靠近右肩。¶将右手放在头部左侧，轻轻施加压力以增加拉伸。¶保持拉伸 15-30 秒。¶在另一侧重复，将头向左倾斜并用左手施加压力。¶每侧重复拉伸 2-3 次。
arms	side push-up	videos/0717-wpbD28t.gif	images/0717-wpbD28t.jpg	首先侧躺，双腿伸展并叠放在一起。¶将下面的手放在肩膀正下方的地面上，手指指向前方。¶用下面的手将身体抬离地面，保持双腿伸直，核心肌群参与。¶将上臂伸向天花板，形成从头部到脚后跟的直线。¶有控制地降低身体回到起始位置。¶重复所需的重复次数，然后换边。
arms	side wrist pull stretch	videos/0721-UtmIqcI.gif	images/0721-UtmIqcI.jpg	双脚分开与肩同宽站立，双臂在身前伸展。¶将右臂向侧面伸出，与地面平行，手掌朝下。¶用左手抓住右手，轻轻地将其拉向身体，感觉右前臂有拉伸感。¶保持拉伸 15-30 秒，然后放松。¶在另一侧重复。
back	side-to-side chin	videos/0720-isAAZWA.gif	images/0720-isAAZWA.jpg	双脚分开与肩同宽站立，膝盖稍微弯曲。¶正手握住引体向上杆，双手之间的距离略大于肩宽。¶悬挂在杠上，双臂完全伸展，身体放松。¶弯曲肘部并将下巴朝向杠铃杆，将自己拉起，同时保持身体挺直。¶一旦你的下巴高于杠铃，就将自己放低回到起始位置。¶重复所需的重复次数。
core	side-to-side toe touch (male)	videos/3213-WCAvOfC.gif	images/3213-WCAvOfC.jpg	双脚分开与肩同宽站立，双臂向两侧伸展。¶腰部向右弯曲，将右手伸向右脚，同时保持左手向一侧延伸。¶返回起始位置，然后腰部向左弯曲，将左手伸向左脚，同时保持右手向侧面延伸。¶重复左右弯曲动作达到所需的重复次数。
chest	single arm push-up	videos/0725-MUic5zN.gif	images/0725-MUic5zN.jpg	从俯卧撑位置开始，双手分开与肩同宽，一只手比另一只手稍宽。¶弯曲肘部，保持背部挺直，调动核心力量，将身体降低至地面。¶当你降低身体时，将你的重心转移到一侧，并将另一只手臂抬离地面，将其笔直延伸到一侧。¶推动胸部和三头肌，将身体抬回到起始位置，同时将伸出的手臂放回地面。¶重复该动作，每次重复时交替伸展手臂。
legs	single leg bridge with outstretched leg	videos/3645-rmEukuS.gif	images/3645-rmEukuS.jpg	仰卧，膝盖弯曲，双脚平放在地上。¶将一条腿伸直在您面前。¶收紧臀部并将臀部抬离地面，从膝盖到肩膀形成一条直线。¶在顶部保持片刻，然后慢慢将臀部放回起始位置。¶重复所需的重复次数，然后换腿。
legs	single leg platform slide	videos/0730-LNE3wfo.gif	images/0730-LNE3wfo.jpg	首先将一只脚站在平台或滑板上。¶稍微弯曲膝盖，将脚向后滑动到平台上，伸展腿。¶在整个运动过程中保持核心参与并保持笔直姿势。¶将脚滑回初始位置，慢慢返回起始位置。¶重复该动作达到所需的重复次数，然后换腿。
legs	single leg squat (pistol) male	videos/1759-nqs5HGV.gif	images/1759-nqs5HGV.jpg	双脚分开与肩同宽站立，双臂在身前伸展。¶将右脚抬离地面并向前伸展。¶弯曲左膝并将臀部向后推，慢慢降低身体。¶降低身体时，保持挺胸、背部挺直。¶降低直到左大腿与地面平行，或者尽可能降低到您能舒服的高度。¶在底部停顿片刻，然后推动左脚跟回到起始位置。¶重复所需的重复次数，然后换腿。
legs	sissy squat	videos/1489-xdYPUtE.gif	images/1489-xdYPUtE.jpg	双脚分开与肩同宽站立，脚趾稍微向外。¶如果需要，请抓住一个稳定的物体以保持平衡。¶弯曲膝盖并向后倾斜，慢慢降低身体，保持躯干直立。¶继续降低，直到大腿与地面平行或尽可能舒适地下降。¶暂停片刻，然后用力推动脚后跟，回到起始位置。¶重复所需的重复次数。
core	sit-up v. 2	videos/0735-Bn6TXyO.gif	images/0735-Bn6TXyO.jpg	平躺，膝盖弯曲，双脚平放在地上。¶将双手放在脑后，肘部朝外。¶收紧腹肌，慢慢将上半身抬离地面，向前卷曲，直到躯干呈 45 度角。¶在顶部停顿片刻，然后慢慢将上半身放回起始位置。¶重复所需的重复次数。
core	sit-up with arms on chest	videos/3679-6ZCiYWQ.gif	images/3679-6ZCiYWQ.jpg	平躺，膝盖弯曲，双脚平放在地上。¶双臂交叉于胸前。¶收紧腹肌，将上半身抬离地面，靠近膝盖。¶在顶部停顿片刻，然后慢慢将上半身放回起始位置。¶重复所需的重复次数。
cardio	skater hops	videos/3361-zfNHMN9.gif	images/3361-zfNHMN9.jpg	双脚分开与肩同宽站立。¶稍微弯曲膝盖，向右跳，右脚着地。¶落地时，将左腿摆动到右腿后面，并用左脚趾敲击地面。¶立即向左侧跳跃，左脚着地。¶落地时，将右腿摆动到左腿后面，并用右脚趾敲击地面。¶继续交替两侧，跳跃并用每条腿敲击地面。¶重复所需的重复次数。
cardio	ski step	videos/3671-5MRH8H2.gif	images/3671-5MRH8H2.jpg	双脚分开与肩同宽站立。¶稍微弯曲膝盖并保持背部挺直。¶跳到右侧，右脚着地，同时将左腿摆动到右腿后面。¶立即向左侧跳，左脚着地，同时将右腿摆动到左腿后面。¶继续从一侧到另一侧交替跳跃，模仿滑雪动作。¶重复所需的重复次数。
back	skin the cat	videos/3304-MSfvriJ.gif	images/3304-MSfvriJ.jpg	首先，将双臂完全伸展，身体放松地悬挂在杆上。¶收紧核心并抬起双腿，使膝盖靠近胸部。¶继续将双腿举过头顶，让身体穿过手臂。¶一旦双腿完全伸过头顶，就开始将它们放回起始位置。¶当你降低双腿时，让你的身体通过手臂向后移动，直到你再次完全伸展手臂悬挂。¶重复所需的重复次数。
back	sphinx	videos/1362-DIVyqrU.gif	images/1362-DIVyqrU.jpg	面朝下躺在地上，前臂平放在地板上，肘部直接位于肩膀下方。¶收紧核心肌群，将胸部抬离地面，将前臂和脚趾保持在地板上。¶保持这个姿势几秒钟，确保颈部保持在中立位置。¶慢慢地将胸部放回起始位置。¶重复所需的重复次数。
legs	spider crawl push up	videos/0778-P9GFBME.gif	images/0778-P9GFBME.jpg	从俯卧撑位置开始，双手分开略宽于肩宽，双脚并拢。¶将右膝靠近右肘，使其离开地面。¶当您将右膝向后拉时，同时弯曲肘部将身体降低到地面。¶推回起始位置，然后将左膝朝向左肘重复此动作。¶继续交替进行所需的重复次数。
back	spine stretch	videos/1363-JbC2iaV.gif	images/1363-JbC2iaV.jpg	坐在地上，双腿在身前伸展。¶将双手放在身后的地面上，手指指向身体。¶启动你的核心并慢慢向后倾斜，保持背部挺直。¶继续向后倾斜，直到感觉到脊柱被拉伸。¶保持伸展几秒钟，然后慢慢回到起始位置。¶重复所需的重复次数。
core	spine twist	videos/2329-2jl9K55.gif	images/2329-2jl9K55.jpg	坐在地上，双腿在身前伸展。¶弯曲膝盖，将双脚平放在地面上，距离与臀部同宽。¶将双手放在脑后，肘部朝外。¶收紧腹肌，慢慢向右扭转躯干，将右肘拉向左膝盖。¶扭转结束时暂停片刻，然后慢慢回到起始位置。¶向左侧重复扭转，将左肘拉向右膝盖。¶继续交替进行所需的重复次数。
legs	split squats	videos/2368-9E25EOx.gif	images/2368-9E25EOx.jpg	双脚分开与肩同宽站立。¶一只脚向前迈出一步，并将其放在另一只脚前面约两英尺处。¶弯曲膝盖和臀部，降低身体，保持背部挺直。¶继续降低，直到前大腿与地面平行，后膝盖悬停在地面上方。¶暂停片刻，然后推动前脚跟回到起始位置。¶重复所需的重复次数，然后换腿并重复。
legs	squat to overhead reach	videos/1685-QChZi3x.gif	images/1685-QChZi3x.jpg	站立，双脚分开与肩同宽，脚趾稍微外翻。¶弯曲膝盖并将臀部向后推，将身体降低至蹲姿。¶当你从深蹲中站起来时，将手臂伸过头顶，伸向天花板。¶放下手臂并弯曲膝盖再次蹲下，回到起始位置。¶重复所需的重复次数。
legs	squat to overhead reach with twist	videos/1686-5BZHW9s.gif	images/1686-5BZHW9s.jpg	站立，双脚分开与肩同宽，脚趾稍微外翻。¶弯曲膝盖并将臀部向后推，将身体降低至蹲姿。¶当你从深蹲中站起来时，将手臂举过头顶并将躯干扭转到一侧。¶返回起始位置并重复下蹲，这次将躯干扭转到另一侧。¶每次深蹲重复时继续交替进行。
arms	stalder press	videos/3291-zd4P4B2.gif	images/3291-zd4P4B2.jpg	首先站立，双脚分开与肩同宽，双臂伸过头顶。¶稍微弯曲膝盖并启动核心。¶将身体降低至蹲姿，同时保持手臂伸过头顶。¶当你蹲下时，将手臂向下压向地面，锻炼三头肌。¶在深蹲底部停顿片刻，然后用脚后跟站起来，同时将手臂举过头顶。¶重复所需的重复次数。
back	standing archer	videos/3669-JF8AkMX.gif	images/3669-JF8AkMX.jpg	双脚分开与肩同宽站立，膝盖稍微弯曲。¶将双臂伸直至前方，与肩同高，与地面平行。¶将躯干向右旋转，保持双臂伸展，背部挺直。¶旋转时，向前伸展右臂，向后伸展左臂，模仿拉弓弦的动作。¶保持该姿势片刻，然后回到起始位置。¶重复该动作，这次将躯干向左旋转，左臂向前伸展，右臂向后伸展。¶继续交替进行所需的重复次数。
legs	standing calf raise (on a staircase)	videos/1490-6HmFgmx.gif	images/1490-6HmFgmx.jpg	站在台阶或坚固平台的边缘，脚后跟悬垂，脚趾放在台阶上。¶如果需要，抓住栏杆或墙壁以保持平衡。¶慢慢地尽可能高地抬起脚后跟，将身体重量转移到脚掌上。¶在顶部停顿片刻，然后慢慢降低脚后跟回到起始位置。¶重复所需的重复次数。
legs	standing calves	videos/1397-XIHEoCG.gif	images/1397-XIHEoCG.jpg	双脚分开与肩同宽站立，脚趾指向前方。¶将脚后跟抬离地面，尽可能高，用脚趾站立。¶保持该姿势片刻，然后慢慢降低脚跟回到起始位置。¶重复所需的重复次数。
legs	standing calves calf stretch	videos/1398-qOKcgVP.gif	images/1398-qOKcgVP.jpg	面朝墙壁或坚固物体站立，距离大约一臂远。¶将手放在与肩同高的墙壁或物体上。¶一只脚向后退一步，保持脚跟平放在地面上。¶稍微弯曲前膝盖并向前倾斜，保持后腿伸直。¶您应该感觉到小腿肌肉有拉伸感。¶保持拉伸 20-30 秒。¶在另一条腿上重复。
back	standing lateral stretch	videos/0794-1jXLYEw.gif	images/0794-1jXLYEw.jpg	双脚分开与肩同宽站立，膝盖稍微弯曲。¶将双臂伸直至两侧，与地面平行。¶慢慢将上半身向一侧倾斜，感觉侧面和背阔肌有拉伸感。¶保持拉伸 15-30 秒。¶返回起始位置并在另一侧重复。¶重复所需的重复次数。
back	standing pelvic tilt	videos/1364-cuKYxhu.gif	images/1364-cuKYxhu.jpg	双脚分开与肩同宽站立，膝盖稍微弯曲。¶将双手放在臀部或垂在身体两侧。¶调动核心肌肉并向前倾斜骨盆，将下背部推向身后的墙壁。¶保持该位置几秒钟，然后松开并返回到起始位置。¶重复所需的重复次数。
legs	standing single leg curl	videos/0795-C5jncD2.gif	images/0795-C5jncD2.jpg	站立，双脚分开与臀部同宽，双手放在臀部。¶将体重转移到左腿上，将右脚抬离地面，弯曲膝盖。¶慢慢地将右脚跟卷向臀部，挤压腿筋。¶在顶部暂停片刻，然后慢慢将右脚放回起始位置。¶重复所需的重复次数，然后换腿。
cardio	star jump (male)	videos/3223-HtfCpfi.gif	images/3223-HtfCpfi.jpg	双脚分开与肩同宽站立，双臂放在身体两侧。¶稍微弯曲膝盖并爆发性地跳起来。¶跳跃时，张开双腿，将手臂向两侧伸展，与身体形成星形。¶膝盖轻轻弯曲，脚掌轻轻着地。¶重复所需的重复次数。
core	straddle maltese	videos/3314-HfqciZF.gif	images/3314-HfqciZF.jpg	首先，悬挂在一对环上，双臂完全伸展，身体呈一条直线。¶双腿分开，形成跨坐姿势。¶启动你的核心并慢慢降低你的身体，直到你的手臂与地面平行。¶保持这个姿势几秒钟，然后将自己推回到起始位置。¶重复所需的重复次数。
core	straddle planche	videos/3298-BL3GHeY.gif	images/3298-BL3GHeY.jpg	从俯卧撑位置开始，双手与肩同宽，双脚分开。¶启动你的核心，慢慢地将你的重心向前移动，将你的肩膀放在你的手上。¶弯曲肘部，将身体放低至地面，保持肘部靠近身体两侧。¶在底部停顿片刻，然后双手用力伸直手臂，将身体抬回到起始位置。¶重复所需的重复次数。
legs	straight leg outer hip abductor	videos/1427-mQ1tBXn.gif	images/1427-mQ1tBXn.jpg	侧躺，双腿伸直并叠放在一起。¶将下臂放在头下方以获得支撑。¶启动你的核心并尽可能高地抬起你的上腿，不要旋转你的臀部或向后倾斜。¶在顶部暂停片刻，然后慢慢将腿放回起始位置。¶重复所需的重复次数，然后换边。
chest	superman push-up	videos/0803-4GqRrAk.gif	images/0803-4GqRrAk.jpg	从高位平板支撑开始，双手分开略宽于肩宽，双脚并拢。¶收紧核心，将身体降低到地面，保持肘部靠近身体两侧。¶当你降低身体时，同时将右臂和左腿抬离地面，笔直向外伸展。¶在顶部暂停片刻，然后放下手臂和腿，同时将自己推回起始位置。¶重复该动作，这次抬起左臂和右腿。¶继续交替进行所需的重复次数。
core	suspended abdominal fallout	videos/0805-X3TCNEU.gif	images/0805-X3TCNEU.jpg	将悬挂训练器连接到高锚点并将带子调整至腰部高度。¶背对锚点站立，并握住手柄，双臂向前伸展。¶腰部向前倾，保持身体挺直，核心肌群参与。¶尽可能降低身体，同时保持腹肌的控制和紧张。¶在底部停顿片刻，然后慢慢抬起身体回到起始位置。¶重复所需的重复次数。
chest	suspended push-up	videos/0806-IaGQCrC.gif	images/0806-IaGQCrC.jpg	找到一个悬挂训练器并将其调整到合适的高度。¶背对锚点站立，并用正手握住手柄。¶双脚向前走，身体向前倾斜，直到悬架训练器支撑您的体重。¶保持身体从头到脚跟伸直，核心部位收紧，胸部朝手柄方向降低。¶推动你的胸部和手臂回到起始位置。¶重复所需的重复次数。
core	suspended reverse crunch	videos/0807-R1WYG5D.gif	images/0807-R1WYG5D.jpg	悬挂在引体向上杆上，双臂完全伸展，手掌背向自己。¶收紧核心肌群，将膝盖抬向胸部，将骨盆卷向胸腔。¶在顶部暂停片刻，然后慢慢将膝盖放回起始位置。¶重复所需的重复次数。
back	suspended row	videos/0808-4OaumBr.gif	images/0808-4OaumBr.jpg	将悬挂训练器设置在适当的高度。¶面向锚点站立，双脚分开与肩同宽。¶正手握住手柄，手掌相对。¶向后倾斜，保持身体挺直，脚后跟着地。¶将胸部拉向手柄，将肩胛骨挤压在一起。¶在顶部停顿片刻，然后慢慢降低回到起始位置。¶重复所需的重复次数。
legs	suspended split squat	videos/0809-QpXqiq8.gif	images/0809-QpXqiq8.jpg	背对悬吊训练器站立，双脚与肩同宽。¶向前伸展一条腿，将脚背放在悬吊训练器的脚托中。¶弯曲站立的腿，将身体降低到弓步位置，保持胸部向上，膝盖与脚趾对齐。¶推动脚后跟返回到起始位置。¶重复所需的重复次数，然后换腿。
legs	swimmer kicks v. 2 (male)	videos/3433-SP3hUez.gif	images/3433-SP3hUez.jpg	脸朝下躺在垫子上，双臂伸过头顶。¶启动核心肌群，同时将胸部和腿部抬离地面。¶以扑动的动作上下踢腿，就像在游泳一样。¶继续踢所需的重复次数。¶将胸部和双腿放低至起始位置。
cardio	swing 360	videos/3318-tnaj0mT.gif	images/3318-tnaj0mT.jpg	站立，双脚分开与肩同宽，膝盖稍微弯曲。¶将双臂伸直在身前，与地面平行。¶启动你的核心并以圆周运动摆动你的手臂，同时旋转你的躯干。¶继续圆周运动，摆动手臂并旋转躯干，达到所需的重复次数。¶记住在整个练习过程中保持呼吸。
arms	three bench dip	videos/1753-DQ0cqkT.gif	images/1753-DQ0cqkT.jpg	坐在长凳上，双手抓住边缘，手指指向前方。¶将臀部滑离长凳，用手支撑体重。¶弯曲肘部并降低身体，直到上臂与地面平行。¶将自己推回到起始位置。¶重复所需的重复次数。
arms	triceps dip	videos/0814-X6C6i5Y.gif	images/0814-X6C6i5Y.jpg	坐在长凳或椅子的边缘，双手抓住边缘，手指指向前方。¶将臀部滑离长凳，用手支撑体重。¶弯曲肘部，将身体放低至地面，保持背部靠近长凳。¶在底部暂停片刻，然后将自己推回到起始位置。¶重复所需的重复次数。
arms	triceps dip (bench leg)	videos/0812-VuoerH0.gif	images/0812-VuoerH0.jpg	坐在长凳边缘，双手抓住边缘，手指指向前方。¶双脚向前走，将臀部滑离长凳，然后伸直手臂。¶弯曲肘部，将身体放低至地面，保持背部靠近长凳。¶推动手掌以伸直手臂并返回到起始位置。¶重复所需的重复次数。
arms	triceps dip (between benches)	videos/0813-Wgbn9qo.gif	images/0813-Wgbn9qo.jpg	坐在长凳上，双手抓住长凳边缘，手指指向前方。¶将臀部滑离长凳，用手支撑体重。¶弯曲肘部，将身体放低至地面，保持背部靠近长凳。¶在底部暂停片刻，然后将自己推回到起始位置。¶重复所需的重复次数。
arms	triceps dips floor	videos/0815-7aVz15j.gif	images/0815-7aVz15j.jpg	坐在椅子或长凳的边缘，双手放在臀部旁边，手指指向前方。¶将你的屁股从椅子前面滑下来，双腿伸到你面前。¶伸直手臂，保持肘部稍微弯曲，以保持三头肌和肘关节的张力。¶慢慢弯曲你的肘部，将你的身体向地板降低，直到你的肘部成大约 90 度角。¶一旦到达动作的底部，向下压入椅子以伸直肘部，返回到起始位置。¶重复所需的重复次数。
arms	triceps press	videos/0816-fSrPP6B.gif	images/0816-fSrPP6B.jpg	双脚分开与肩同宽站立，膝盖稍微弯曲。¶将双臂伸直在身前，与地面平行。¶弯曲肘部，将身体放低至地面，保持上臂靠近身体两侧。¶在底部暂停片刻，然后将自己推回到起始位置。¶重复所需的重复次数。
arms	triceps stretch	videos/0817-uOV3Itw.gif	images/0817-uOV3Itw.jpg	站立或坐直，背部挺直。¶将一只手臂伸过头顶，肘部弯曲。¶将另一只手放在弯曲的肘部上，然后轻轻地将其拉向头部。¶保持拉伸 15-30 秒，感受三头肌的轻微拉伸。¶松开拉伸并在另一只手臂上重复。
core	tuck crunch	videos/0871-BMMolZ3.gif	images/0871-BMMolZ3.jpg	平躺，膝盖弯曲，双脚平放在地上。¶将双手放在脑后，肘部朝外。¶收紧腹肌，将肩胛骨抬离地面，将膝盖靠近胸部，同时将上半身卷向膝盖。¶在顶部停顿片刻，然后慢慢降低肩胛骨并将双腿伸展回起始位置。¶重复所需的重复次数。
legs	twist hip lift	videos/1466-AX1kB0o.gif	images/1466-AX1kB0o.jpg	仰卧，膝盖弯曲，双脚平放在地上。¶将双手放在身体两侧以获得支撑。¶收紧臀部并将臀部抬离地面，从膝盖到肩膀形成一条直线。¶在保持臀部抬起的同时，将下半身扭转到右侧，使膝盖靠近地面。¶返回起始位置并向左侧重复扭转。¶继续交替扭转所需的重复次数。
core	twisted leg raise	videos/2802-C0eCeEt.gif	images/2802-C0eCeEt.jpg	平躺，双腿伸展，双臂放在身体两侧。¶将双手放在臀部下方以获得支撑。¶收紧腹肌，将双腿抬离地面，保持伸直。¶当你抬起双腿时，将臀部扭向一侧，将双腿拉向对面的肩膀。¶在顶部暂停片刻，然后慢慢将双腿放回起始位置。¶重复这个动作，这次将臀部扭到另一侧。¶继续交替进行所需的重复次数。
core	twisted leg raise (female)	videos/2801-yT9tk17.gif	images/2801-yT9tk17.jpg	平躺，双腿伸展，双臂放在身体两侧。¶弯曲膝盖，将双腿抬离地面，将它们拉向胸部。¶当你抬起双腿时，将臀部扭向一侧，将膝盖移向另一侧的肩膀。¶在顶部暂停片刻，然后慢慢将双腿放回起始位置。¶重复这个动作，这次将臀部扭到另一侧。¶继续交替进行所需的重复次数。
back	two toe touch (male)	videos/3231-p195zsJ.gif	images/3231-p195zsJ.jpg	双脚分开与肩同宽站立，双臂向两侧伸展。¶腰部向前弯曲，保持背部挺直，膝盖稍微弯曲。¶双手向下伸向脚趾，保持双腿伸直。¶在底部停顿片刻，然后慢慢回到起始位置。¶重复所需的重复次数。
back	upper back stretch	videos/1365-GSDioYu.gif	images/1365-GSDioYu.jpg	站直，双脚分开与肩同宽。¶将双臂伸直在身前，与地面平行。¶手指交叉，手掌旋转远离身体。¶慢慢地将手臂举过头顶，保持它们伸直并彼此平行。¶当你举起手臂时，将肩胛骨挤压在一起。¶保持拉伸 15-30 秒，然后松开并重复。
back	upward facing dog	videos/1366-01qpYSe.gif	images/1366-01qpYSe.jpg	脸朝下躺在地板上，双腿伸到身后。¶将双手放在下肋骨旁边的地板上，手指指向前方。¶双手用力按在地板上，伸直手臂，将躯干和大腿抬离地面。¶向后和向下转动肩膀，打开胸部，将目光转向天花板。¶保持这个姿势几次呼吸，然后慢慢将身体放回起始位置。¶重复所需的重复次数。
core	v-sit on floor	videos/3420-ZuXu4Eq.gif	images/3420-ZuXu4Eq.jpg	坐在地板上，双腿伸到身前。¶稍微向后倾斜，将双腿抬离地面，保持伸直。¶同时，将上半身抬离地面，并将手臂伸向腿部。¶保持这个姿势几秒钟，然后慢慢降低上半身和双腿回到起始位置。¶重复所需的重复次数。
core	vertical leg raise (on parallel bars)	videos/0826-ZNgOYQU.gif	images/0826-ZNgOYQU.jpg	悬挂在双杠上，双臂完全伸展，身体伸直。¶启动你的核心并将双腿抬起到你面前，保持伸直。¶继续抬起，直到双腿与地面平行或稍高。¶在顶部暂停片刻，然后慢慢将双腿放回起始位置。¶重复所需的重复次数。
cardio	walking high knees lunge	videos/3655-J9zIWig.gif	images/3655-J9zIWig.jpg	双脚分开与臀部同宽站立。¶将右膝尽可能高地抬向胸部，同时用左腿保持平衡。¶右脚向前迈出一步，身体降低成弓步姿势，双膝弯曲成 90 度角。¶用右脚推出，并将左膝抬向胸部。¶左脚向前迈出一步，将身体降低至弓步位置。¶继续交替双腿并向前冲刺，保持核心参与并保持稳定的步伐。¶重复所需的重复次数。
legs	walking lunge	videos/1460-IZVHb27.gif	images/1460-IZVHb27.jpg	双脚分开与肩同宽站立。¶右腿向前迈出一步，将身体降低至弓步位置。¶保持躯干直立，前膝与脚踝对齐。¶右脚蹬地，左脚向前，左腿呈弓步姿势。¶继续交替双腿向前行走，保持受控且稳定的步伐。¶重复所需的重复次数。
cardio	wheel run	videos/3637-km2Ljzj.gif	images/3637-km2Ljzj.jpg	从平板支撑位置开始，双手放在方向盘上，身体伸直。¶启动你的核心并通过伸展双臂开始向前滚动轮子。¶继续滚动，直到身体完全伸展并且手臂举过头顶。¶使用你的核心和手臂将轮子拉回你的身体，从而扭转运动。¶重复所需的重复次数。
back	wide grip pull-up	videos/1429-Qqi7bko.gif	images/1429-Qqi7bko.jpg	悬挂在引体向上杆上，手掌背向自己，双手之间的距离比肩宽。¶启动你的核心并将肩胛骨挤压在一起。¶将身体向上拉向杠铃，直到下巴位于杠铃上方。¶有控制地降低身体回到起始位置。¶重复所需的重复次数。
back	wide grip rear pull-up	videos/1367-OYFhXVD.gif	images/1367-OYFhXVD.jpg	正手宽握抓住引体向上杆，双手间距略宽于肩宽。¶悬挂在杠上，双臂完全伸展，身体伸直。¶调动背部肌肉，将身体拉向杠铃杆，以胸部为主导。¶继续拉，直到下巴位于杠铃上方。¶在顶部停顿片刻，然后慢慢将身体放回起始位置。¶重复所需的重复次数。
chest	wide hand push up	videos/1311-JmMVpR3.gif	images/1311-JmMVpR3.jpg	从高平板支撑位置开始，双手分开比肩宽。¶保持身体从头到脚呈一条直线。¶弯曲肘部，将胸部压向地面，使其靠近身体两侧。¶推动手掌以伸展手臂并返回到起始位置。¶重复所需的重复次数。
chest	wide-grip chest dip on high parallel bars	videos/2363-O2K9Vb5.gif	images/2363-O2K9Vb5.jpg	将自己置于双杠上，双臂完全伸展，身体悬浮在空中。¶稍微向前倾，弯曲肘部降低身体，直到胸部位于杠铃上方。¶暂停片刻，然后伸直手臂，将自己推回起始位置。¶重复所需的重复次数。
core	wind sprints	videos/0858-Qoujh3Q.gif	images/0858-Qoujh3Q.jpg	找一个空地或跑道来进行练习。¶首先站立，双脚分开与肩同宽。¶开始尽可能快地跑步，挥动手臂并抬起膝盖。¶继续冲刺特定的距离或时间。¶休息并重复所需的重复次数。
legs	world greatest stretch	videos/1604-DFGXwZr.gif	images/1604-DFGXwZr.jpg	从弓步位置开始，右脚向前，左脚向后。¶将双手放在右脚两侧的地面上。¶将左膝降低到地面并伸展右腿，保持右脚平放在地面上。¶向右旋转你的躯干，将你的右臂伸向天花板。¶保持这个姿势几秒钟，然后回到起始位置。¶换边并重复拉伸，左脚向前。
arms	wrist circles	videos/1428-2zNKRUB.gif	images/1428-2zNKRUB.jpg	将双臂伸直在身前。¶双手握拳。¶以圆周运动旋转手腕，保持手臂静止。¶继续手腕转圈达到所需的重复次数。
